methode;type;threshold;nom_instance;N;M;F;tps;solv;obj;obj1;obj2;obj22;setup;valide;feas;opt 
jobBased.exe;T14_big;big;instance_20_3_4_10_8_Bthr_0.txt;20;3;4;600.009;1;429;429;4;4;2;1;1;0
jobBased.exe;T14_big;big;instance_20_3_4_10_8_Bthr_1.txt;20;3;4;600.012;1;337;337;0;0;1;1;1;0
jobBased.exe;T14_big;big;instance_20_3_4_10_8_Bthr_2.txt;20;3;4;600.01;1;262;262;2;2;1;1;1;0
jobBased.exe;T14_big;big;instance_20_3_4_10_8_Bthr_3.txt;20;3;4;600.009;1;410;410;1;1;4;1;1;0
jobBased.exe;T14_big;big;instance_20_3_4_10_8_Bthr_4.txt;20;3;4;600.008;1;476;476;4;4;2;1;1;0
jobBased.exe;T14_big;big;instance_20_3_4_10_8_Bthr_5.txt;20;3;4;600.008;1;223;223;4;4;2;1;1;0
jobBased.exe;T14_big;big;instance_20_3_4_10_8_Bthr_6.txt;20;3;4;600.007;1;413;413;0;0;4;1;1;0
jobBased.exe;T14_big;big;instance_20_3_4_10_8_Bthr_7.txt;20;3;4;600.007;1;424;424;3;3;3;1;1;0
jobBased.exe;T14_big;big;instance_20_3_4_10_8_Bthr_8.txt;20;3;4;600.008;1;432;432;5;5;1;1;1;0
jobBased.exe;T14_big;big;instance_20_3_4_10_8_Bthr_9.txt;20;3;4;600.01;1;425;425;2;2;3;1;1;0
jobBased.exe;T14_medium;medium;instance_20_3_4_10_8_Mthr_0.txt;20;3;4;600.01;1;141;141;0;0;3;1;1;0
jobBased.exe;T14_medium;medium;instance_20_3_4_10_8_Mthr_1.txt;20;3;4;600.009;1;363;363;7;7;2;1;1;0
jobBased.exe;T14_medium;medium;instance_20_3_4_10_8_Mthr_2.txt;20;3;4;600.008;1;317;317;5;5;3;1;1;0
jobBased.exe;T14_medium;medium;instance_20_3_4_10_8_Mthr_3.txt;20;3;4;600.011;1;143;143;5;5;2;1;1;0
jobBased.exe;T14_medium;medium;instance_20_3_4_10_8_Mthr_4.txt;20;3;4;600.01;1;211;211;0;0;5;1;1;0
jobBased.exe;T14_medium;medium;instance_20_3_4_10_8_Mthr_5.txt;20;3;4;600.008;1;606;606;4;4;2;1;1;0
jobBased.exe;T14_medium;medium;instance_20_3_4_10_8_Mthr_6.txt;20;3;4;600.008;1;316;316;3;3;2;1;1;0
jobBased.exe;T14_medium;medium;instance_20_3_4_10_8_Mthr_7.txt;20;3;4;600.008;1;357;357;3;3;3;1;1;0
jobBased.exe;T14_medium;medium;instance_20_3_4_10_8_Mthr_8.txt;20;3;4;600.009;1;424;424;3;3;3;1;1;0
jobBased.exe;T14_medium;medium;instance_20_3_4_10_8_Mthr_9.txt;20;3;4;600.008;1;331;331;5;5;2;1;1;0
jobBased.exe;T14_small;small;instance_20_3_4_10_8_Sthr_0.txt;20;3;4;600.008;1;379;379;5;5;4;1;1;0
jobBased.exe;T14_small;small;instance_20_3_4_10_8_Sthr_1.txt;20;3;4;600.009;1;363;363;4;4;3;1;1;0
jobBased.exe;T14_small;small;instance_20_3_4_10_8_Sthr_2.txt;20;3;4;600.009;1;269;269;5;5;1;1;1;0
jobBased.exe;T14_small;small;instance_20_3_4_10_8_Sthr_3.txt;20;3;4;600.007;1;363;363;3;3;5;1;1;0
jobBased.exe;T14_small;small;instance_20_3_4_10_8_Sthr_4.txt;20;3;4;600.008;1;170;170;5;5;4;1;1;0
jobBased.exe;T14_small;small;instance_20_3_4_10_8_Sthr_5.txt;20;3;4;600.008;1;303;303;4;4;5;1;1;0
jobBased.exe;T14_small;small;instance_20_3_4_10_8_Sthr_6.txt;20;3;4;600.009;1;273;273;5;5;3;1;1;0
jobBased.exe;T14_small;small;instance_20_3_4_10_8_Sthr_7.txt;20;3;4;600.009;1;187;187;4;4;3;1;1;0
jobBased.exe;T14_small;small;instance_20_3_4_10_8_Sthr_8.txt;20;3;4;600.008;1;404;404;5;5;3;1;1;0
jobBased.exe;T14_small;small;instance_20_3_4_10_8_Sthr_9.txt;20;3;4;600.008;1;338;338;5;5;3;1;1;0
jobBased.exe;T15_big;big;instance_20_3_5_10_9_Bthr_0.txt;20;3;5;600.011;1;292;292;0;0;3;1;1;0
jobBased.exe;T15_big;big;instance_20_3_5_10_9_Bthr_1.txt;20;3;5;600.012;1;369;369;0;0;2;1;1;0
jobBased.exe;T15_big;big;instance_20_3_5_10_9_Bthr_2.txt;20;3;5;600.01;1;422;422;6;6;2;1;1;0
jobBased.exe;T15_big;big;instance_20_3_5_10_9_Bthr_3.txt;20;3;5;600.01;1;267;267;0;0;4;1;1;0
jobBased.exe;T15_big;big;instance_20_3_5_10_9_Bthr_4.txt;20;3;5;600.01;1;662;662;5;5;2;1;1;0
jobBased.exe;T15_big;big;instance_20_3_5_10_9_Bthr_5.txt;20;3;5;600.012;1;375;375;1;1;3;1;1;0
jobBased.exe;T15_big;big;instance_20_3_5_10_9_Bthr_6.txt;20;3;5;600.01;1;356;356;2;2;4;1;1;0
jobBased.exe;T15_big;big;instance_20_3_5_10_9_Bthr_7.txt;20;3;5;600.009;1;319;319;4;4;3;1;1;0
jobBased.exe;T15_big;big;instance_20_3_5_10_9_Bthr_8.txt;20;3;5;600.01;1;294;294;0;0;3;1;1;0
jobBased.exe;T15_big;big;instance_20_3_5_10_9_Bthr_9.txt;20;3;5;600.011;1;243;243;8;8;3;1;1;0
jobBased.exe;T15_medium;medium;instance_20_3_5_10_9_Mthr_0.txt;20;3;5;600.01;1;277;277;7;7;4;1;1;0
jobBased.exe;T15_medium;medium;instance_20_3_5_10_9_Mthr_1.txt;20;3;5;600.01;1;399;399;6;6;2;1;1;0
jobBased.exe;T15_medium;medium;instance_20_3_5_10_9_Mthr_2.txt;20;3;5;600.008;1;465;465;3;3;4;1;1;0
jobBased.exe;T15_medium;medium;instance_20_3_5_10_9_Mthr_3.txt;20;3;5;600.01;1;339;339;8;8;2;1;1;0
jobBased.exe;T15_medium;medium;instance_20_3_5_10_9_Mthr_4.txt;20;3;5;600.01;1;232;232;0;0;4;1;1;0
jobBased.exe;T15_medium;medium;instance_20_3_5_10_9_Mthr_5.txt;20;3;5;600.009;1;342;342;7;7;2;1;1;0
jobBased.exe;T15_medium;medium;instance_20_3_5_10_9_Mthr_6.txt;20;3;5;600.01;1;404;404;4;4;4;1;1;0
jobBased.exe;T15_medium;medium;instance_20_3_5_10_9_Mthr_7.txt;20;3;5;600.008;1;317;317;4;4;3;1;1;0
jobBased.exe;T15_medium;medium;instance_20_3_5_10_9_Mthr_8.txt;20;3;5;600.008;1;416;416;3;3;5;1;1;0
jobBased.exe;T15_medium;medium;instance_20_3_5_10_9_Mthr_9.txt;20;3;5;600.009;1;346;346;7;7;3;1;1;0
jobBased.exe;T15_small;small;instance_20_3_5_10_9_Sthr_0.txt;20;3;5;600.01;1;466;466;4;4;5;1;1;0
jobBased.exe;T15_small;small;instance_20_3_5_10_9_Sthr_1.txt;20;3;5;600.008;1;336;336;6;6;3;1;1;0
jobBased.exe;T15_small;small;instance_20_3_5_10_9_Sthr_2.txt;20;3;5;600.01;1;381;381;6;6;4;1;1;0
jobBased.exe;T15_small;small;instance_20_3_5_10_9_Sthr_3.txt;20;3;5;600.01;1;681;681;6;6;3;1;1;0
jobBased.exe;T15_small;small;instance_20_3_5_10_9_Sthr_4.txt;20;3;5;600.009;1;465;465;7;7;2;1;1;0
jobBased.exe;T15_small;small;instance_20_3_5_10_9_Sthr_5.txt;20;3;5;600.009;1;419;419;5;5;3;1;1;0
jobBased.exe;T15_small;small;instance_20_3_5_10_9_Sthr_6.txt;20;3;5;600.01;1;283;283;6;6;4;1;1;0
jobBased.exe;T15_small;small;instance_20_3_5_10_9_Sthr_7.txt;20;3;5;600.009;1;413;413;6;6;4;1;1;0
jobBased.exe;T15_small;small;instance_20_3_5_10_9_Sthr_8.txt;20;3;5;600.01;1;447;447;7;7;2;1;1;0
jobBased.exe;T15_small;small;instance_20_3_5_10_9_Sthr_9.txt;20;3;5;600.01;1;483;483;6;6;4;1;1;0
jobBased.exe;T16_big;big;instance_20_4_2_10_6_Bthr_0.txt;20;4;2;600.009;1;414;414;0;0;2;1;1;0
jobBased.exe;T16_big;big;instance_20_4_2_10_6_Bthr_1.txt;20;4;2;600.008;1;314;314;0;0;1;1;1;0
jobBased.exe;T16_big;big;instance_20_4_2_10_6_Bthr_2.txt;20;4;2;600.008;1;276;276;0;0;2;1;1;0
jobBased.exe;T16_big;big;instance_20_4_2_10_6_Bthr_3.txt;20;4;2;600.007;1;404;404;0;0;2;1;1;0
jobBased.exe;T16_big;big;instance_20_4_2_10_6_Bthr_4.txt;20;4;2;600.009;1;251;251;0;0;2;1;1;0
jobBased.exe;T16_big;big;instance_20_4_2_10_6_Bthr_5.txt;20;4;2;600.008;1;463;463;2;2;0;1;1;0
jobBased.exe;T16_big;big;instance_20_4_2_10_6_Bthr_6.txt;20;4;2;600.008;1;540;540;0;0;0;1;1;0
jobBased.exe;T16_big;big;instance_20_4_2_10_6_Bthr_7.txt;20;4;2;600.008;1;272;272;0;0;0;1;1;0
jobBased.exe;T16_big;big;instance_20_4_2_10_6_Bthr_8.txt;20;4;2;600.008;1;226;226;0;0;2;1;1;0
jobBased.exe;T16_big;big;instance_20_4_2_10_6_Bthr_9.txt;20;4;2;600.007;1;585;585;4;4;0;1;1;0
jobBased.exe;T16_medium;medium;instance_20_4_2_10_6_Mthr_0.txt;20;4;2;600.007;1;524;524;0;0;2;1;1;0
jobBased.exe;T16_medium;medium;instance_20_4_2_10_6_Mthr_1.txt;20;4;2;600.007;1;95;95;0;0;1;1;1;0
jobBased.exe;T16_medium;medium;instance_20_4_2_10_6_Mthr_2.txt;20;4;2;600.008;1;180;180;4;4;0;1;1;0
jobBased.exe;T16_medium;medium;instance_20_4_2_10_6_Mthr_3.txt;20;4;2;600.008;1;420;420;0;0;2;1;1;0
jobBased.exe;T16_medium;medium;instance_20_4_2_10_6_Mthr_4.txt;20;4;2;600.007;1;265;265;3;3;2;1;1;0
jobBased.exe;T16_medium;medium;instance_20_4_2_10_6_Mthr_5.txt;20;4;2;600.007;1;315;315;2;2;0;1;1;0
jobBased.exe;T16_medium;medium;instance_20_4_2_10_6_Mthr_6.txt;20;4;2;600.008;1;224;224;0;0;2;1;1;0
jobBased.exe;T16_medium;medium;instance_20_4_2_10_6_Mthr_7.txt;20;4;2;600.008;1;420;420;2;2;0;1;1;0
jobBased.exe;T16_medium;medium;instance_20_4_2_10_6_Mthr_8.txt;20;4;2;600.007;1;252;252;1;1;1;1;1;0
jobBased.exe;T16_medium;medium;instance_20_4_2_10_6_Mthr_9.txt;20;4;2;600.008;1;364;364;0;0;1;1;1;0
jobBased.exe;T16_small;small;instance_20_4_2_10_6_Sthr_0.txt;20;4;2;600.008;1;365;365;1;1;1;1;1;0
jobBased.exe;T16_small;small;instance_20_4_2_10_6_Sthr_1.txt;20;4;2;600.007;1;306;306;2;2;0;1;1;0
jobBased.exe;T16_small;small;instance_20_4_2_10_6_Sthr_2.txt;20;4;2;600.008;1;111;111;4;4;0;1;1;0
jobBased.exe;T16_small;small;instance_20_4_2_10_6_Sthr_3.txt;20;4;2;600.007;1;280;280;0;0;2;1;1;0
jobBased.exe;T16_small;small;instance_20_4_2_10_6_Sthr_4.txt;20;4;2;600.007;1;540;540;2;2;0;1;1;0
jobBased.exe;T16_small;small;instance_20_4_2_10_6_Sthr_5.txt;20;4;2;600.007;1;275;275;1;1;1;1;1;0
jobBased.exe;T16_small;small;instance_20_4_2_10_6_Sthr_6.txt;20;4;2;600.007;1;430;430;2;2;0;1;1;0
jobBased.exe;T16_small;small;instance_20_4_2_10_6_Sthr_7.txt;20;4;2;600.007;1;303;303;1;1;2;1;1;0
jobBased.exe;T16_small;small;instance_20_4_2_10_6_Sthr_8.txt;20;4;2;600.008;1;270;270;4;4;0;1;1;0
jobBased.exe;T16_small;small;instance_20_4_2_10_6_Sthr_9.txt;20;4;2;600.007;1;399;399;1;1;1;1;1;0
jobBased.exe;T17_big;big;instance_20_4_3_10_7_Bthr_0.txt;20;4;3;600.01;1;198;198;0;0;0;1;1;0
jobBased.exe;T17_big;big;instance_20_4_3_10_7_Bthr_1.txt;20;4;3;600.009;1;329;329;0;0;2;1;1;0
jobBased.exe;T17_big;big;instance_20_4_3_10_7_Bthr_2.txt;20;4;3;600.01;1;283;283;0;0;2;1;1;0
jobBased.exe;T17_big;big;instance_20_4_3_10_7_Bthr_3.txt;20;4;3;600.008;1;497;497;1;1;1;1;1;0
jobBased.exe;T17_big;big;instance_20_4_3_10_7_Bthr_4.txt;20;4;3;600.01;1;213;213;0;0;1;1;1;0
jobBased.exe;T17_big;big;instance_20_4_3_10_7_Bthr_5.txt;20;4;3;600.012;1;388;388;0;0;1;1;1;0
jobBased.exe;T17_big;big;instance_20_4_3_10_7_Bthr_6.txt;20;4;3;600.008;1;322;322;2;2;2;1;1;0
jobBased.exe;T17_big;big;instance_20_4_3_10_7_Bthr_7.txt;20;4;3;600.008;1;221;221;0;0;3;1;1;0
jobBased.exe;T17_big;big;instance_20_4_3_10_7_Bthr_8.txt;20;4;3;600.01;1;362;362;0;0;2;1;1;0
jobBased.exe;T17_big;big;instance_20_4_3_10_7_Bthr_9.txt;20;4;3;600.007;1;487;487;3;3;0;1;1;0
jobBased.exe;T17_medium;medium;instance_20_4_3_10_7_Mthr_0.txt;20;4;3;600.011;1;330;330;6;6;1;1;1;0
jobBased.exe;T17_medium;medium;instance_20_4_3_10_7_Mthr_1.txt;20;4;3;600.007;1;354;354;0;0;3;1;1;0
jobBased.exe;T17_medium;medium;instance_20_4_3_10_7_Mthr_2.txt;20;4;3;600.008;1;206;206;4;4;0;1;1;0
jobBased.exe;T17_medium;medium;instance_20_4_3_10_7_Mthr_3.txt;20;4;3;600.008;1;556;556;5;5;0;1;1;0
jobBased.exe;T17_medium;medium;instance_20_4_3_10_7_Mthr_4.txt;20;4;3;600.009;1;266;266;2;2;1;1;1;0
jobBased.exe;T17_medium;medium;instance_20_4_3_10_7_Mthr_5.txt;20;4;3;600.007;1;402;402;2;2;1;1;1;0
jobBased.exe;T17_medium;medium;instance_20_4_3_10_7_Mthr_6.txt;20;4;3;600.01;1;267;267;0;0;1;1;1;0
jobBased.exe;T17_medium;medium;instance_20_4_3_10_7_Mthr_7.txt;20;4;3;600.008;1;326;326;2;2;2;1;1;0
jobBased.exe;T17_medium;medium;instance_20_4_3_10_7_Mthr_8.txt;20;4;3;600.009;1;388;388;0;0;1;1;1;0
jobBased.exe;T17_medium;medium;instance_20_4_3_10_7_Mthr_9.txt;20;4;3;600.007;1;423;423;3;3;2;1;1;0
jobBased.exe;T17_small;small;instance_20_4_3_10_7_Sthr_0.txt;20;4;3;600.008;1;250;250;5;5;2;1;1;0
jobBased.exe;T17_small;small;instance_20_4_3_10_7_Sthr_1.txt;20;4;3;600.008;1;377;377;3;3;3;1;1;0
jobBased.exe;T17_small;small;instance_20_4_3_10_7_Sthr_2.txt;20;4;3;600.009;1;250;250;5;5;2;1;1;0
jobBased.exe;T17_small;small;instance_20_4_3_10_7_Sthr_3.txt;20;4;3;600.008;1;680;680;6;6;0;1;1;0
jobBased.exe;T17_small;small;instance_20_4_3_10_7_Sthr_4.txt;20;4;3;600.008;1;176;176;0;0;1;1;1;0
jobBased.exe;T17_small;small;instance_20_4_3_10_7_Sthr_5.txt;20;4;3;600.008;1;393;393;6;6;2;1;1;0
jobBased.exe;T17_small;small;instance_20_4_3_10_7_Sthr_6.txt;20;4;3;600.008;1;449;449;1;1;2;1;1;0
jobBased.exe;T17_small;small;instance_20_4_3_10_7_Sthr_7.txt;20;4;3;600.008;1;280;280;3;3;2;1;1;0
jobBased.exe;T17_small;small;instance_20_4_3_10_7_Sthr_8.txt;20;4;3;600.008;1;452;452;6;6;1;1;1;0
jobBased.exe;T17_small;small;instance_20_4_3_10_7_Sthr_9.txt;20;4;3;600.009;1;407;407;2;2;3;1;1;0
jobBased.exe;T18_big;big;instance_20_4_4_10_11_Bthr_0.txt;20;4;4;600.009;1;268;268;0;0;3;1;1;0
jobBased.exe;T18_big;big;instance_20_4_4_10_11_Bthr_1.txt;20;4;4;600.009;1;514;514;2;2;2;1;1;0
jobBased.exe;T18_big;big;instance_20_4_4_10_11_Bthr_2.txt;20;4;4;600.009;1;295;295;0;0;3;1;1;0
jobBased.exe;T18_big;big;instance_20_4_4_10_11_Bthr_3.txt;20;4;4;600.009;1;474;474;0;0;4;1;1;0
jobBased.exe;T18_big;big;instance_20_4_4_10_11_Bthr_4.txt;20;4;4;600.009;1;163;163;0;0;5;1;1;0
jobBased.exe;T18_big;big;instance_20_4_4_10_11_Bthr_5.txt;20;4;4;600.007;1;430;430;10;10;2;1;1;0
jobBased.exe;T18_big;big;instance_20_4_4_10_11_Bthr_6.txt;20;4;4;600.009;1;363;363;0;0;4;1;1;0
jobBased.exe;T18_big;big;instance_20_4_4_10_11_Bthr_7.txt;20;4;4;600.008;1;310;310;0;0;3;1;1;0
jobBased.exe;T18_big;big;instance_20_4_4_10_11_Bthr_8.txt;20;4;4;600.009;1;152;152;0;0;4;1;1;0
jobBased.exe;T18_big;big;instance_20_4_4_10_11_Bthr_9.txt;20;4;4;600.009;1;301;301;0;0;4;1;1;0
jobBased.exe;T18_medium;medium;instance_20_4_4_10_11_Mthr_0.txt;20;4;4;600.009;1;227;227;0;0;4;1;1;0
jobBased.exe;T18_medium;medium;instance_20_4_4_10_11_Mthr_1.txt;20;4;4;600.01;1;238;238;0;0;4;1;1;0
jobBased.exe;T18_medium;medium;instance_20_4_4_10_11_Mthr_2.txt;20;4;4;600.009;1;262;262;0;0;5;1;1;0
jobBased.exe;T18_medium;medium;instance_20_4_4_10_11_Mthr_3.txt;20;4;4;600.008;1;244;244;1;1;6;1;1;0
jobBased.exe;T18_medium;medium;instance_20_4_4_10_11_Mthr_4.txt;20;4;4;600.007;1;422;422;8;8;2;1;1;0
jobBased.exe;T18_medium;medium;instance_20_4_4_10_11_Mthr_5.txt;20;4;4;600.008;1;427;427;6;6;2;1;1;0
jobBased.exe;T18_medium;medium;instance_20_4_4_10_11_Mthr_6.txt;20;4;4;600.009;1;236;236;4;4;3;1;1;0
jobBased.exe;T18_medium;medium;instance_20_4_4_10_11_Mthr_7.txt;20;4;4;600.007;1;459;459;5;5;3;1;1;0
jobBased.exe;T18_medium;medium;instance_20_4_4_10_11_Mthr_8.txt;20;4;4;600.009;1;260;260;0;0;5;1;1;0
jobBased.exe;T18_medium;medium;instance_20_4_4_10_11_Mthr_9.txt;20;4;4;600.009;1;169;169;0;0;4;1;1;0
jobBased.exe;T18_small;small;instance_20_4_4_10_11_Sthr_0.txt;20;4;4;600.008;1;352;352;6;6;4;1;1;0
jobBased.exe;T18_small;small;instance_20_4_4_10_11_Sthr_1.txt;20;4;4;600.007;1;375;375;6;6;3;1;1;0
jobBased.exe;T18_small;small;instance_20_4_4_10_11_Sthr_2.txt;20;4;4;600.008;1;359;359;6;6;5;1;1;0
jobBased.exe;T18_small;small;instance_20_4_4_10_11_Sthr_3.txt;20;4;4;600.008;1;226;226;6;6;4;1;1;0
jobBased.exe;T18_small;small;instance_20_4_4_10_11_Sthr_4.txt;20;4;4;600.007;1;453;453;7;7;3;1;1;0
jobBased.exe;T18_small;small;instance_20_4_4_10_11_Sthr_5.txt;20;4;4;600.007;1;226;226;3;3;5;1;1;0
jobBased.exe;T18_small;small;instance_20_4_4_10_11_Sthr_6.txt;20;4;4;600.007;1;329;329;6;6;3;1;1;0
jobBased.exe;T18_small;small;instance_20_4_4_10_11_Sthr_7.txt;20;4;4;600.008;1;390;390;7;7;3;1;1;0
jobBased.exe;T18_small;small;instance_20_4_4_10_11_Sthr_8.txt;20;4;4;600.008;1;324;324;3;3;2;1;1;0
jobBased.exe;T18_small;small;instance_20_4_4_10_11_Sthr_9.txt;20;4;4;600.007;1;177;177;10;10;2;1;1;0
jobBased.exe;T19_big;big;instance_20_4_5_10_13_Bthr_0.txt;20;4;5;600.009;1;212;212;0;0;4;1;1;0
jobBased.exe;T19_big;big;instance_20_4_5_10_13_Bthr_1.txt;20;4;5;600.009;1;244;244;0;0;4;1;1;0
jobBased.exe;T19_big;big;instance_20_4_5_10_13_Bthr_2.txt;20;4;5;600.009;1;229;229;0;0;4;1;1;0
jobBased.exe;T19_big;big;instance_20_4_5_10_13_Bthr_3.txt;20;4;5;600.009;1;120;120;0;0;3;1;1;0
jobBased.exe;T19_big;big;instance_20_4_5_10_13_Bthr_4.txt;20;4;5;600.009;1;291;291;0;0;4;1;1;0
jobBased.exe;T19_big;big;instance_20_4_5_10_13_Bthr_5.txt;20;4;5;600.011;1;483;483;0;0;3;1;1;0
jobBased.exe;T19_big;big;instance_20_4_5_10_13_Bthr_6.txt;20;4;5;600.009;1;181;181;0;0;3;1;1;0
jobBased.exe;T19_big;big;instance_20_4_5_10_13_Bthr_7.txt;20;4;5;600.007;1;451;451;11;11;2;1;1;0
jobBased.exe;T19_big;big;instance_20_4_5_10_13_Bthr_8.txt;20;4;5;600.009;1;118;118;0;0;4;1;1;0
jobBased.exe;T19_big;big;instance_20_4_5_10_13_Bthr_9.txt;20;4;5;600.008;1;143;143;0;0;6;1;1;0
jobBased.exe;T19_medium;medium;instance_20_4_5_10_13_Mthr_0.txt;20;4;5;600.009;1;265;265;0;0;4;1;1;0
jobBased.exe;T19_medium;medium;instance_20_4_5_10_13_Mthr_1.txt;20;4;5;600.009;1;170;170;0;0;4;1;1;0
jobBased.exe;T19_medium;medium;instance_20_4_5_10_13_Mthr_2.txt;20;4;5;600.008;1;240;240;9;9;3;1;1;0
jobBased.exe;T19_medium;medium;instance_20_4_5_10_13_Mthr_3.txt;20;4;5;600.01;1;227;227;2;2;4;1;1;0
jobBased.exe;T19_medium;medium;instance_20_4_5_10_13_Mthr_4.txt;20;4;5;600.01;1;225;225;0;0;2;1;1;0
jobBased.exe;T19_medium;medium;instance_20_4_5_10_13_Mthr_5.txt;20;4;5;600.009;1;391;391;3;3;4;1;1;0
jobBased.exe;T19_medium;medium;instance_20_4_5_10_13_Mthr_6.txt;20;4;5;600.01;1;297;297;0;0;4;1;1;0
jobBased.exe;T19_medium;medium;instance_20_4_5_10_13_Mthr_7.txt;20;4;5;600.009;1;310;310;1;1;4;1;1;0
jobBased.exe;T19_medium;medium;instance_20_4_5_10_13_Mthr_8.txt;20;4;5;600.008;1;362;362;6;6;4;1;1;0
jobBased.exe;T19_medium;medium;instance_20_4_5_10_13_Mthr_9.txt;20;4;5;600.009;1;224;224;5;5;3;1;1;0
jobBased.exe;T19_small;small;instance_20_4_5_10_13_Sthr_0.txt;20;4;5;600.008;1;316;316;4;4;5;1;1;0
jobBased.exe;T19_small;small;instance_20_4_5_10_13_Sthr_1.txt;20;4;5;600.007;1;274;274;9;9;3;1;1;0
jobBased.exe;T19_small;small;instance_20_4_5_10_13_Sthr_2.txt;20;4;5;600.008;1;236;236;7;7;6;1;1;0
jobBased.exe;T19_small;small;instance_20_4_5_10_13_Sthr_3.txt;20;4;5;600.007;1;252;252;6;6;5;1;1;0
jobBased.exe;T19_small;small;instance_20_4_5_10_13_Sthr_4.txt;20;4;5;600.009;1;221;221;3;3;5;1;1;0
jobBased.exe;T19_small;small;instance_20_4_5_10_13_Sthr_5.txt;20;4;5;600.008;1;344;344;7;7;2;1;1;0
jobBased.exe;T19_small;small;instance_20_4_5_10_13_Sthr_6.txt;20;4;5;600.008;1;292;292;8;8;4;1;1;0
jobBased.exe;T19_small;small;instance_20_4_5_10_13_Sthr_7.txt;20;4;5;600.008;1;432;432;10;10;4;1;1;0
jobBased.exe;T19_small;small;instance_20_4_5_10_13_Sthr_8.txt;20;4;5;600.008;1;379;379;8;8;2;1;1;0
jobBased.exe;T19_small;small;instance_20_4_5_10_13_Sthr_9.txt;20;4;5;600.009;1;124;124;0;0;3;1;1;0
jobBased.exe;T20_big;big;instance_30_3_2_10_4_Bthr_0.txt;30;3;2;600.007;1;1115;1115;1;1;1;1;1;0
jobBased.exe;T20_big;big;instance_30_3_2_10_4_Bthr_1.txt;30;3;2;600.007;1;813;813;3;3;0;1;1;0
jobBased.exe;T20_big;big;instance_30_3_2_10_4_Bthr_2.txt;30;3;2;600.007;1;650;650;1;1;1;1;1;0
jobBased.exe;T20_big;big;instance_30_3_2_10_4_Bthr_3.txt;30;3;2;600.007;1;920;920;2;2;1;1;1;0
jobBased.exe;T20_big;big;instance_30_3_2_10_4_Bthr_4.txt;30;3;2;600.007;1;680;680;2;2;1;1;1;0
jobBased.exe;T20_big;big;instance_30_3_2_10_4_Bthr_5.txt;30;3;2;600.008;1;1239;1239;3;3;0;1;1;0
jobBased.exe;T20_big;big;instance_30_3_2_10_4_Bthr_6.txt;30;3;2;600.007;1;488;488;3;3;0;1;1;0
jobBased.exe;T20_big;big;instance_30_3_2_10_4_Bthr_7.txt;30;3;2;600.007;1;1320;1320;3;3;0;1;1;0
jobBased.exe;T20_big;big;instance_30_3_2_10_4_Bthr_8.txt;30;3;2;600.007;1;1320;1320;3;3;0;1;1;0
jobBased.exe;T20_big;big;instance_30_3_2_10_4_Bthr_9.txt;30;3;2;600.007;1;571;571;0;0;1;1;1;0
jobBased.exe;T20_medium;medium;instance_30_3_2_10_4_Mthr_0.txt;30;3;2;600.006;1;600;600;1;1;0;1;1;0
jobBased.exe;T20_medium;medium;instance_30_3_2_10_4_Mthr_1.txt;30;3;2;600.007;1;1240;1240;1;1;1;1;1;0
jobBased.exe;T20_medium;medium;instance_30_3_2_10_4_Mthr_2.txt;30;3;2;600.007;1;672;672;1;1;1;1;1;0
jobBased.exe;T20_medium;medium;instance_30_3_2_10_4_Mthr_3.txt;30;3;2;600.007;1;552;552;1;1;1;1;1;0
jobBased.exe;T20_medium;medium;instance_30_3_2_10_4_Mthr_4.txt;30;3;2;600.007;1;778;778;1;1;1;1;1;0
jobBased.exe;T20_medium;medium;instance_30_3_2_10_4_Mthr_5.txt;30;3;2;600.007;1;1170;1170;0;0;2;1;1;0
jobBased.exe;T20_medium;medium;instance_30_3_2_10_4_Mthr_6.txt;30;3;2;600.007;1;370;370;0;0;1;1;1;0
jobBased.exe;T20_medium;medium;instance_30_3_2_10_4_Mthr_7.txt;30;3;2;600.007;1;1320;1320;3;3;0;1;1;0
jobBased.exe;T20_medium;medium;instance_30_3_2_10_4_Mthr_8.txt;30;3;2;600.008;1;1250;1250;1;1;1;1;1;0
jobBased.exe;T20_medium;medium;instance_30_3_2_10_4_Mthr_9.txt;30;3;2;600.007;1;742;742;2;2;1;1;1;0
jobBased.exe;T20_small;small;instance_30_3_2_10_4_Sthr_0.txt;30;3;2;600.007;1;990;990;1;1;1;1;1;0
jobBased.exe;T20_small;small;instance_30_3_2_10_4_Sthr_1.txt;30;3;2;600.007;1;1584;1584;3;3;0;1;1;0
jobBased.exe;T20_small;small;instance_30_3_2_10_4_Sthr_2.txt;30;3;2;600.007;1;1258;1258;1;1;1;1;1;0
jobBased.exe;T20_small;small;instance_30_3_2_10_4_Sthr_3.txt;30;3;2;600.008;1;1717;1717;3;3;0;1;1;0
jobBased.exe;T20_small;small;instance_30_3_2_10_4_Sthr_4.txt;30;3;2;600.007;1;898;898;2;2;0;1;1;0
jobBased.exe;T20_small;small;instance_30_3_2_10_4_Sthr_5.txt;30;3;2;600.007;1;487;487;0;0;3;1;1;0
jobBased.exe;T20_small;small;instance_30_3_2_10_4_Sthr_6.txt;30;3;2;600.007;1;423;423;2;2;1;1;1;0
jobBased.exe;T20_small;small;instance_30_3_2_10_4_Sthr_7.txt;30;3;2;600.007;1;536;536;2;2;1;1;1;0
jobBased.exe;T20_small;small;instance_30_3_2_10_4_Sthr_8.txt;30;3;2;600.008;1;510;510;3;3;0;1;1;0
jobBased.exe;T20_small;small;instance_30_3_2_10_4_Sthr_9.txt;30;3;2;600.007;1;607;607;3;3;0;1;1;0
jobBased.exe;T21_big;big;instance_30_3_3_10_7_Bthr_0.txt;30;3;3;600.007;1;1485;1485;6;6;1;1;1;0
jobBased.exe;T21_big;big;instance_30_3_3_10_7_Bthr_1.txt;30;3;3;600.007;1;1172;1172;5;5;0;1;1;0
jobBased.exe;T21_big;big;instance_30_3_3_10_7_Bthr_2.txt;30;3;3;600.007;1;855;855;6;6;2;1;1;0
jobBased.exe;T21_big;big;instance_30_3_3_10_7_Bthr_3.txt;30;3;3;600.007;1;1172;1172;3;3;3;1;1;0
jobBased.exe;T21_big;big;instance_30_3_3_10_7_Bthr_4.txt;30;3;3;600.007;1;871;871;1;1;4;1;1;0
jobBased.exe;T21_big;big;instance_30_3_3_10_7_Bthr_5.txt;30;3;3;600.007;1;1085;1085;2;2;3;1;1;0
jobBased.exe;T21_big;big;instance_30_3_3_10_7_Bthr_6.txt;30;3;3;600.007;1;515;515;5;5;3;1;1;0
jobBased.exe;T21_big;big;instance_30_3_3_10_7_Bthr_7.txt;30;3;3;600.008;1;845;845;6;6;2;1;1;0
jobBased.exe;T21_big;big;instance_30_3_3_10_7_Bthr_8.txt;30;3;3;600.007;1;838;838;2;2;4;1;1;0
jobBased.exe;T21_big;big;instance_30_3_3_10_7_Bthr_9.txt;30;3;3;600.007;1;947;947;3;3;1;1;1;0
jobBased.exe;T21_medium;medium;instance_30_3_3_10_7_Mthr_0.txt;30;3;3;600.007;1;839;839;3;3;4;1;1;0
jobBased.exe;T21_medium;medium;instance_30_3_3_10_7_Mthr_1.txt;30;3;3;600.007;1;511;511;4;4;4;1;1;0
jobBased.exe;T21_medium;medium;instance_30_3_3_10_7_Mthr_2.txt;30;3;3;600.007;1;880;880;4;4;2;1;1;0
jobBased.exe;T21_medium;medium;instance_30_3_3_10_7_Mthr_3.txt;30;3;3;600.008;1;1192;1192;4;4;2;1;1;0
jobBased.exe;T21_medium;medium;instance_30_3_3_10_7_Mthr_4.txt;30;3;3;600.008;1;836;836;1;1;4;1;1;0
jobBased.exe;T21_medium;medium;instance_30_3_3_10_7_Mthr_5.txt;30;3;3;600.007;1;644;644;4;4;2;1;1;0
jobBased.exe;T21_medium;medium;instance_30_3_3_10_7_Mthr_6.txt;30;3;3;600.007;1;964;964;4;4;3;1;1;0
jobBased.exe;T21_medium;medium;instance_30_3_3_10_7_Mthr_7.txt;30;3;3;600.007;1;1244;1244;5;5;2;1;1;0
jobBased.exe;T21_medium;medium;instance_30_3_3_10_7_Mthr_8.txt;30;3;3;600.007;1;1263;1263;5;5;2;1;1;0
jobBased.exe;T21_medium;medium;instance_30_3_3_10_7_Mthr_9.txt;30;3;3;600.007;1;1513;1513;6;6;1;1;1;0
jobBased.exe;T21_small;small;instance_30_3_3_10_7_Sthr_0.txt;30;3;3;600.007;1;1157;1157;5;5;3;1;1;0
jobBased.exe;T21_small;small;instance_30_3_3_10_7_Sthr_1.txt;30;3;3;600.007;1;521;521;4;4;3;1;1;0
jobBased.exe;T21_small;small;instance_30_3_3_10_7_Sthr_2.txt;30;3;3;600.008;1;1498;1498;4;4;1;1;1;0
jobBased.exe;T21_small;small;instance_30_3_3_10_7_Sthr_3.txt;30;3;3;600.007;1;712;712;4;4;4;1;1;0
jobBased.exe;T21_small;small;instance_30_3_3_10_7_Sthr_4.txt;30;3;3;600.007;1;330;330;3;3;3;1;1;0
jobBased.exe;T21_small;small;instance_30_3_3_10_7_Sthr_5.txt;30;3;3;600.008;1;639;639;4;4;2;1;1;0
jobBased.exe;T21_small;small;instance_30_3_3_10_7_Sthr_6.txt;30;3;3;600.007;1;1156;1156;4;4;1;1;1;0
jobBased.exe;T21_small;small;instance_30_3_3_10_7_Sthr_7.txt;30;3;3;600.008;1;1142;1142;4;4;5;1;1;0
jobBased.exe;T21_small;small;instance_30_3_3_10_7_Sthr_8.txt;30;3;3;600.007;1;981;981;4;4;4;1;1;0
jobBased.exe;T21_small;small;instance_30_3_3_10_7_Sthr_9.txt;30;3;3;600.007;1;936;936;4;4;1;1;1;0
jobBased.exe;T22_big;big;instance_30_3_4_10_8_Bthr_0.txt;30;3;4;600.007;1;821;821;4;4;3;1;1;0
jobBased.exe;T22_big;big;instance_30_3_4_10_8_Bthr_1.txt;30;3;4;600.007;1;282;282;0;0;4;1;1;0
jobBased.exe;T22_big;big;instance_30_3_4_10_8_Bthr_2.txt;30;3;4;600.007;1;547;547;3;3;4;1;1;0
jobBased.exe;T22_big;big;instance_30_3_4_10_8_Bthr_3.txt;30;3;4;600.007;1;744;744;4;4;4;1;1;0
jobBased.exe;T22_big;big;instance_30_3_4_10_8_Bthr_4.txt;30;3;4;600.007;1;849;849;5;5;3;1;1;0
jobBased.exe;T22_big;big;instance_30_3_4_10_8_Bthr_5.txt;30;3;4;600.008;1;1020;1020;2;2;4;1;1;0
jobBased.exe;T22_big;big;instance_30_3_4_10_8_Bthr_6.txt;30;3;4;600.007;1;872;872;5;5;2;1;1;0
jobBased.exe;T22_big;big;instance_30_3_4_10_8_Bthr_7.txt;30;3;4;600.007;1;862;862;7;7;2;1;1;0
jobBased.exe;T22_big;big;instance_30_3_4_10_8_Bthr_8.txt;30;3;4;600.007;1;1089;1089;4;4;2;1;1;0
jobBased.exe;T22_big;big;instance_30_3_4_10_8_Bthr_9.txt;30;3;4;600.007;1;622;622;5;5;1;1;1;0
jobBased.exe;T22_medium;medium;instance_30_3_4_10_8_Mthr_0.txt;30;3;4;600.007;1;483;483;5;5;4;1;1;0
jobBased.exe;T22_medium;medium;instance_30_3_4_10_8_Mthr_1.txt;30;3;4;600.007;1;1388;1388;4;4;3;1;1;0
jobBased.exe;T22_medium;medium;instance_30_3_4_10_8_Mthr_2.txt;30;3;4;600.008;1;456;456;6;6;2;1;1;0
jobBased.exe;T22_medium;medium;instance_30_3_4_10_8_Mthr_3.txt;30;3;4;600.007;1;797;797;4;4;2;1;1;0
jobBased.exe;T22_medium;medium;instance_30_3_4_10_8_Mthr_4.txt;30;3;4;600.007;1;893;893;5;5;4;1;1;0
jobBased.exe;T22_medium;medium;instance_30_3_4_10_8_Mthr_5.txt;30;3;4;600.007;1;1170;1170;5;5;3;1;1;0
jobBased.exe;T22_medium;medium;instance_30_3_4_10_8_Mthr_6.txt;30;3;4;600.007;1;758;758;5;5;4;1;1;0
jobBased.exe;T22_medium;medium;instance_30_3_4_10_8_Mthr_7.txt;30;3;4;600.008;1;558;558;3;3;4;1;1;0
jobBased.exe;T22_medium;medium;instance_30_3_4_10_8_Mthr_8.txt;30;3;4;600.007;1;785;785;5;5;4;1;1;0
jobBased.exe;T22_medium;medium;instance_30_3_4_10_8_Mthr_9.txt;30;3;4;600.007;1;672;672;3;3;5;1;1;0
jobBased.exe;T22_small;small;instance_30_3_4_10_8_Sthr_0.txt;30;3;4;600.007;1;889;889;7;7;2;1;1;0
jobBased.exe;T22_small;small;instance_30_3_4_10_8_Sthr_1.txt;30;3;4;600.007;1;1028;1028;7;7;2;1;1;0
jobBased.exe;T22_small;small;instance_30_3_4_10_8_Sthr_2.txt;30;3;4;600.007;1;874;874;4;4;5;1;1;0
jobBased.exe;T22_small;small;instance_30_3_4_10_8_Sthr_3.txt;30;3;4;600.007;1;1115;1115;5;5;7;1;1;0
jobBased.exe;T22_small;small;instance_30_3_4_10_8_Sthr_4.txt;30;3;4;600.007;1;1085;1085;5;5;4;1;1;0
jobBased.exe;T22_small;small;instance_30_3_4_10_8_Sthr_5.txt;30;3;4;600.007;1;455;455;5;5;4;1;1;0
jobBased.exe;T22_small;small;instance_30_3_4_10_8_Sthr_6.txt;30;3;4;600.008;1;702;702;5;5;6;1;1;0
jobBased.exe;T22_small;small;instance_30_3_4_10_8_Sthr_7.txt;30;3;4;600.007;1;741;741;7;7;3;1;1;0
jobBased.exe;T22_small;small;instance_30_3_4_10_8_Sthr_8.txt;30;3;4;600.007;1;622;622;6;6;4;1;1;0
jobBased.exe;T22_small;small;instance_30_3_4_10_8_Sthr_9.txt;30;3;4;600.007;1;1334;1334;6;6;6;1;1;0
jobBased.exe;T23_big;big;instance_30_3_5_10_13_Bthr_0.txt;30;3;5;600.007;1;740;740;7;7;7;1;1;0
jobBased.exe;T23_big;big;instance_30_3_5_10_13_Bthr_1.txt;30;3;5;600.008;1;450;450;0;0;6;1;1;0
jobBased.exe;T23_big;big;instance_30_3_5_10_13_Bthr_2.txt;30;3;5;600.007;1;977;977;7;7;5;1;1;0
jobBased.exe;T23_big;big;instance_30_3_5_10_13_Bthr_3.txt;30;3;5;600.007;1;748;748;8;8;5;1;1;0
jobBased.exe;T23_big;big;instance_30_3_5_10_13_Bthr_4.txt;30;3;5;600.007;1;616;616;6;6;6;1;1;0
jobBased.exe;T23_big;big;instance_30_3_5_10_13_Bthr_5.txt;30;3;5;600.007;1;656;656;10;10;5;1;1;0
jobBased.exe;T23_big;big;instance_30_3_5_10_13_Bthr_6.txt;30;3;5;600.007;1;563;563;4;4;7;1;1;0
jobBased.exe;T23_big;big;instance_30_3_5_10_13_Bthr_7.txt;30;3;5;600.008;1;784;784;7;7;5;1;1;0
jobBased.exe;T23_big;big;instance_30_3_5_10_13_Bthr_8.txt;30;3;5;600.007;1;741;741;6;6;7;1;1;0
jobBased.exe;T23_big;big;instance_30_3_5_10_13_Bthr_9.txt;30;3;5;600.007;1;359;359;7;7;3;1;1;0
jobBased.exe;T23_medium;medium;instance_30_3_5_10_13_Mthr_0.txt;30;3;5;600.007;1;748;748;8;8;6;1;1;0
jobBased.exe;T23_medium;medium;instance_30_3_5_10_13_Mthr_1.txt;30;3;5;600.006;1;389;389;10;10;4;1;1;0
jobBased.exe;T23_medium;medium;instance_30_3_5_10_13_Mthr_2.txt;30;3;5;600.004;1;898;898;10;10;5;1;1;0
jobBased.exe;T23_medium;medium;instance_30_3_5_10_13_Mthr_3.txt;30;3;5;600.005;1;656;656;8;8;4;1;1;0
jobBased.exe;T23_medium;medium;instance_30_3_5_10_13_Mthr_4.txt;30;3;5;600;0; ; ; ; ; ; ; 
jobBased.exe;T23_medium;medium;instance_30_3_5_10_13_Mthr_5.txt;30;3;5;600.007;1;529;529;7;7;5;1;1;0
jobBased.exe;T23_medium;medium;instance_30_3_5_10_13_Mthr_6.txt;30;3;5;600;0; ; ; ; ; ; ; 
jobBased.exe;T23_medium;medium;instance_30_3_5_10_13_Mthr_7.txt;30;3;5;600;0; ; ; ; ; ; ; 
jobBased.exe;T23_medium;medium;instance_30_3_5_10_13_Mthr_8.txt;30;3;5;600.006;1;1081;1081;9;9;3;1;1;0
jobBased.exe;T23_medium;medium;instance_30_3_5_10_13_Mthr_9.txt;30;3;5;600.007;1;675;675;10;10;3;1;1;0
jobBased.exe;T23_small;small;instance_30_3_5_10_13_Sthr_0.txt;30;3;5;600;0; ; ; ; ; ; ; 
jobBased.exe;T23_small;small;instance_30_3_5_10_13_Sthr_1.txt;30;3;5;600.004;1;1224;1224;9;9;4;1;1;0
jobBased.exe;T23_small;small;instance_30_3_5_10_13_Sthr_2.txt;30;3;5;600;0; ; ; ; ; ; ; 
jobBased.exe;T23_small;small;instance_30_3_5_10_13_Sthr_3.txt;30;3;5;600.004;1;899;899;10;10;3;1;1;0
jobBased.exe;T23_small;small;instance_30_3_5_10_13_Sthr_4.txt;30;3;5;600.007;1;590;590;9;9;6;1;1;0
jobBased.exe;T23_small;small;instance_30_3_5_10_13_Sthr_5.txt;30;3;5;600.007;1;674;674;10;10;5;1;1;0
jobBased.exe;T23_small;small;instance_30_3_5_10_13_Sthr_6.txt;30;3;5;600.007;1;762;762;9;9;6;1;1;0
jobBased.exe;T23_small;small;instance_30_3_5_10_13_Sthr_7.txt;30;3;5;600;0; ; ; ; ; ; ; 
jobBased.exe;T23_small;small;instance_30_3_5_10_13_Sthr_8.txt;30;3;5;600.008;1;506;506;10;10;3;1;1;0
jobBased.exe;T23_small;small;instance_30_3_5_10_13_Sthr_9.txt;30;3;5;600.007;1;292;292;10;10;4;1;1;0
jobBased.exe;T24_big;big;instance_30_4_4_10_10_Bthr_0.txt;30;4;4;600.009;1;237;237;0;0;2;1;1;0
jobBased.exe;T24_big;big;instance_30_4_4_10_10_Bthr_1.txt;30;4;4;600.007;1;516;516;6;6;1;1;1;0
jobBased.exe;T24_big;big;instance_30_4_4_10_10_Bthr_2.txt;30;4;4;600.008;1;574;574;0;0;2;1;1;0
jobBased.exe;T24_big;big;instance_30_4_4_10_10_Bthr_3.txt;30;4;4;600.008;1;284;284;0;0;4;1;1;0
jobBased.exe;T24_big;big;instance_30_4_4_10_10_Bthr_4.txt;30;4;4;600.007;1;483;483;6;6;2;1;1;0
jobBased.exe;T24_big;big;instance_30_4_4_10_10_Bthr_5.txt;30;4;4;600.007;1;678;678;3;3;4;1;1;0
jobBased.exe;T24_big;big;instance_30_4_4_10_10_Bthr_6.txt;30;4;4;600.007;1;727;727;2;2;4;1;1;0
jobBased.exe;T24_big;big;instance_30_4_4_10_10_Bthr_7.txt;30;4;4;600.007;1;808;808;4;4;4;1;1;0
jobBased.exe;T24_big;big;instance_30_4_4_10_10_Bthr_8.txt;30;4;4;600.007;1;635;635;3;3;3;1;1;0
jobBased.exe;T24_big;big;instance_30_4_4_10_10_Bthr_9.txt;30;4;4;600.007;1;833;833;6;6;2;1;1;0
jobBased.exe;T24_medium;medium;instance_30_4_4_10_10_Mthr_0.txt;30;4;4;600.007;1;624;624;2;2;4;1;1;0
jobBased.exe;T24_medium;medium;instance_30_4_4_10_10_Mthr_1.txt;30;4;4;600.007;1;880;880;5;5;4;1;1;0
jobBased.exe;T24_medium;medium;instance_30_4_4_10_10_Mthr_2.txt;30;4;4;600.007;1;496;496;6;6;3;1;1;0
jobBased.exe;T24_medium;medium;instance_30_4_4_10_10_Mthr_3.txt;30;4;4;600.006;1;1103;1103;6;6;1;1;1;0
jobBased.exe;T24_medium;medium;instance_30_4_4_10_10_Mthr_4.txt;30;4;4;600.007;1;558;558;6;6;2;1;1;0
jobBased.exe;T24_medium;medium;instance_30_4_4_10_10_Mthr_5.txt;30;4;4;600.008;1;424;424;5;5;5;1;1;0
jobBased.exe;T24_medium;medium;instance_30_4_4_10_10_Mthr_6.txt;30;4;4;600.008;1;630;630;6;6;3;1;1;0
jobBased.exe;T24_medium;medium;instance_30_4_4_10_10_Mthr_7.txt;30;4;4;600.007;1;735;735;6;6;2;1;1;0
jobBased.exe;T24_medium;medium;instance_30_4_4_10_10_Mthr_8.txt;30;4;4;600.007;1;1093;1093;6;6;1;1;1;0
jobBased.exe;T24_medium;medium;instance_30_4_4_10_10_Mthr_9.txt;30;4;4;600.006;1;364;364;2;2;4;1;1;0
jobBased.exe;T24_small;small;instance_30_4_4_10_10_Sthr_0.txt;30;4;4;600.007;1;633;633;6;6;4;1;1;0
jobBased.exe;T24_small;small;instance_30_4_4_10_10_Sthr_1.txt;30;4;4;600.007;1;759;759;5;5;3;1;1;0
jobBased.exe;T24_small;small;instance_30_4_4_10_10_Sthr_2.txt;30;4;4;600.008;1;474;474;7;7;3;1;1;0
jobBased.exe;T24_small;small;instance_30_4_4_10_10_Sthr_3.txt;30;4;4;600.007;1;610;610;9;9;0;1;1;0
jobBased.exe;T24_small;small;instance_30_4_4_10_10_Sthr_4.txt;30;4;4;600.007;1;410;410;6;6;3;1;1;0
jobBased.exe;T24_small;small;instance_30_4_4_10_10_Sthr_5.txt;30;4;4;600.007;1;384;384;7;7;2;1;1;0
jobBased.exe;T24_small;small;instance_30_4_4_10_10_Sthr_6.txt;30;4;4;600.008;1;892;892;6;6;3;1;1;0
jobBased.exe;T24_small;small;instance_30_4_4_10_10_Sthr_7.txt;30;4;4;600.007;1;482;482;6;6;4;1;1;0
jobBased.exe;T24_small;small;instance_30_4_4_10_10_Sthr_8.txt;30;4;4;600.007;1;894;894;7;7;1;1;1;0
jobBased.exe;T24_small;small;instance_30_4_4_10_10_Sthr_9.txt;30;4;4;600.007;1;712;712;6;6;3;1;1;0
jobBased.exe;T25_big;big;instance_30_5_5_10_14_Bthr_0.txt;30;5;5;600.008;1;388;388;0;0;5;1;1;0
jobBased.exe;T25_big;big;instance_30_5_5_10_14_Bthr_1.txt;30;5;5;600.008;1;391;391;0;0;4;1;1;0
jobBased.exe;T25_big;big;instance_30_5_5_10_14_Bthr_2.txt;30;5;5;600.011;1;732;732;4;4;2;1;1;0
jobBased.exe;T25_big;big;instance_30_5_5_10_14_Bthr_3.txt;30;5;5;600.008;1;486;486;0;0;4;1;1;0
jobBased.exe;T25_big;big;instance_30_5_5_10_14_Bthr_4.txt;30;5;5;600.008;1;646;646;0;0;3;1;1;0
jobBased.exe;T25_big;big;instance_30_5_5_10_14_Bthr_5.txt;30;5;5;600.007;1;903;903;13;13;2;1;1;0
jobBased.exe;T25_big;big;instance_30_5_5_10_14_Bthr_6.txt;30;5;5;600.008;1;333;333;0;0;5;1;1;0
jobBased.exe;T25_big;big;instance_30_5_5_10_14_Bthr_7.txt;30;5;5;600.008;1;533;533;0;0;4;1;1;0
jobBased.exe;T25_big;big;instance_30_5_5_10_14_Bthr_8.txt;30;5;5;600.008;1;495;495;0;0;6;1;1;0
jobBased.exe;T25_big;big;instance_30_5_5_10_14_Bthr_9.txt;30;5;5;600.008;1;573;573;0;0;5;1;1;0
jobBased.exe;T25_medium;medium;instance_30_5_5_10_14_Mthr_0.txt;30;5;5;600.007;1;437;437;4;4;7;1;1;0
jobBased.exe;T25_medium;medium;instance_30_5_5_10_14_Mthr_1.txt;30;5;5;600.008;1;692;692;11;11;4;1;1;0
jobBased.exe;T25_medium;medium;instance_30_5_5_10_14_Mthr_2.txt;30;5;5;600.007;1;364;364;11;11;5;1;1;0
jobBased.exe;T25_medium;medium;instance_30_5_5_10_14_Mthr_3.txt;30;5;5;600.007;1;547;547;6;6;3;1;1;0
jobBased.exe;T25_medium;medium;instance_30_5_5_10_14_Mthr_4.txt;30;5;5;600.007;1;726;726;10;10;1;1;1;0
jobBased.exe;T25_medium;medium;instance_30_5_5_10_14_Mthr_5.txt;30;5;5;600.008;1;479;479;3;3;4;1;1;0
jobBased.exe;T25_medium;medium;instance_30_5_5_10_14_Mthr_6.txt;30;5;5;600.007;1;531;531;8;8;3;1;1;0
jobBased.exe;T25_medium;medium;instance_30_5_5_10_14_Mthr_7.txt;30;5;5;600.008;1;568;568;8;8;5;1;1;0
jobBased.exe;T25_medium;medium;instance_30_5_5_10_14_Mthr_8.txt;30;5;5;600.008;1;354;354;0;0;6;1;1;0
jobBased.exe;T25_medium;medium;instance_30_5_5_10_14_Mthr_9.txt;30;5;5;600.008;1;636;636;8;8;4;1;1;0
jobBased.exe;T25_small;small;instance_30_5_5_10_14_Sthr_0.txt;30;5;5;600.008;1;445;445;9;9;5;1;1;0
jobBased.exe;T25_small;small;instance_30_5_5_10_14_Sthr_1.txt;30;5;5;600.007;1;496;496;9;9;3;1;1;0
jobBased.exe;T25_small;small;instance_30_5_5_10_14_Sthr_2.txt;30;5;5;600.007;1;403;403;9;9;3;1;1;0
jobBased.exe;T25_small;small;instance_30_5_5_10_14_Sthr_3.txt;30;5;5;600.008;1;574;574;8;8;4;1;1;0
jobBased.exe;T25_small;small;instance_30_5_5_10_14_Sthr_4.txt;30;5;5;600.007;1;486;486;9;9;5;1;1;0
jobBased.exe;T25_small;small;instance_30_5_5_10_14_Sthr_5.txt;30;5;5;600.007;1;652;652;12;12;3;1;1;0
jobBased.exe;T25_small;small;instance_30_5_5_10_14_Sthr_6.txt;30;5;5;600.008;1;386;386;9;9;3;1;1;0
jobBased.exe;T25_small;small;instance_30_5_5_10_14_Sthr_7.txt;30;5;5;600.008;1;680;680;7;7;5;1;1;0
jobBased.exe;T25_small;small;instance_30_5_5_10_14_Sthr_8.txt;30;5;5;600.007;1;488;488;9;9;3;1;1;0
jobBased.exe;T25_small;small;instance_30_5_5_10_14_Sthr_9.txt;30;5;5;600.007;1;492;492;13;13;5;1;1;0
jobBased.exe;T27_big;big;instance_40_3_3_10_5_Bthr_0.txt;40;3;3;600.007;1;1586;1586;1;1;4;1;1;0
jobBased.exe;T27_big;big;instance_40_3_3_10_5_Bthr_1.txt;40;3;3;600.007;1;987;987;3;3;2;1;1;0
jobBased.exe;T27_big;big;instance_40_3_3_10_5_Bthr_2.txt;40;3;3;600.007;1;2405;2405;2;2;2;1;1;0
jobBased.exe;T27_big;big;instance_40_3_3_10_5_Bthr_3.txt;40;3;3;600.007;1;1958;1958;2;2;2;1;1;0
jobBased.exe;T27_big;big;instance_40_3_3_10_5_Bthr_4.txt;40;3;3;600.007;1;1200;1200;2;2;2;1;1;0
jobBased.exe;T27_big;big;instance_40_3_3_10_5_Bthr_5.txt;40;3;3;600.007;1;1358;1358;1;1;3;1;1;0
jobBased.exe;T27_big;big;instance_40_3_3_10_5_Bthr_6.txt;40;3;3;600.007;1;777;777;4;4;2;1;1;0
jobBased.exe;T27_big;big;instance_40_3_3_10_5_Bthr_7.txt;40;3;3;600.006;1;892;892;2;2;2;1;1;0
jobBased.exe;T27_big;big;instance_40_3_3_10_5_Bthr_8.txt;40;3;3;600.007;1;1226;1226;3;3;2;1;1;0
jobBased.exe;T27_big;big;instance_40_3_3_10_5_Bthr_9.txt;40;3;3;600.006;1;1065;1065;2;2;1;1;1;0
jobBased.exe;T27_medium;medium;instance_40_3_3_10_5_Mthr_0.txt;40;3;3;600.007;1;855;855;4;4;0;1;1;0
jobBased.exe;T27_medium;medium;instance_40_3_3_10_5_Mthr_1.txt;40;3;3;600.007;1;1917;1917;2;2;3;1;1;0
jobBased.exe;T27_medium;medium;instance_40_3_3_10_5_Mthr_2.txt;40;3;3;600.007;1;1290;1290;3;3;4;1;1;0
jobBased.exe;T27_medium;medium;instance_40_3_3_10_5_Mthr_3.txt;40;3;3;600.007;1;1881;1881;4;4;0;1;1;0
jobBased.exe;T27_medium;medium;instance_40_3_3_10_5_Mthr_4.txt;40;3;3;600.007;1;1332;1332;4;4;0;1;1;0
jobBased.exe;T27_medium;medium;instance_40_3_3_10_5_Mthr_5.txt;40;3;3;600.007;1;2210;2210;3;3;1;1;1;0
jobBased.exe;T27_medium;medium;instance_40_3_3_10_5_Mthr_6.txt;40;3;3;600.007;1;1587;1587;2;2;3;1;1;0
jobBased.exe;T27_medium;medium;instance_40_3_3_10_5_Mthr_7.txt;40;3;3;600.007;1;596;596;2;2;2;1;1;0
jobBased.exe;T27_medium;medium;instance_40_3_3_10_5_Mthr_8.txt;40;3;3;600.007;1;856;856;4;4;0;1;1;0
jobBased.exe;T27_medium;medium;instance_40_3_3_10_5_Mthr_9.txt;40;3;3;600.007;1;2497;2497;2;2;0;1;1;0
jobBased.exe;T27_small;small;instance_40_3_3_10_5_Sthr_0.txt;40;3;3;600.008;1;855;855;1;1;6;1;1;0
jobBased.exe;T27_small;small;instance_40_3_3_10_5_Sthr_1.txt;40;3;3;600.007;1;1660;1660;4;4;0;1;1;0
jobBased.exe;T27_small;small;instance_40_3_3_10_5_Sthr_2.txt;40;3;3;600.007;1;1493;1493;2;2;4;1;1;0
jobBased.exe;T27_small;small;instance_40_3_3_10_5_Sthr_3.txt;40;3;3;600.008;1;2424;2424;4;4;3;1;1;0
jobBased.exe;T27_small;small;instance_40_3_3_10_5_Sthr_4.txt;40;3;3;600.007;1;2157;2157;3;3;1;1;1;0
jobBased.exe;T27_small;small;instance_40_3_3_10_5_Sthr_5.txt;40;3;3;600.007;1;1341;1341;4;4;0;1;1;0
jobBased.exe;T27_small;small;instance_40_3_3_10_5_Sthr_6.txt;40;3;3;600.007;1;2940;2940;4;4;3;1;1;0
jobBased.exe;T27_small;small;instance_40_3_3_10_5_Sthr_7.txt;40;3;3;600.007;1;1352;1352;2;2;1;1;1;0
jobBased.exe;T27_small;small;instance_40_3_3_10_5_Sthr_8.txt;40;3;3;600.007;1;1485;1485;3;3;1;1;1;0
jobBased.exe;T27_small;small;instance_40_3_3_10_5_Sthr_9.txt;40;3;3;600.007;1;1643;1643;3;3;0;1;1;0
jobBased.exe;T34_big;big;instance_50_3_3_10_6_Bthr_0.txt;50;3;3;600.008;1;1924;1924;4;4;3;1;1;0
jobBased.exe;T34_big;big;instance_50_3_3_10_6_Bthr_1.txt;50;3;3;600.009;1;2991;2991;4;4;1;1;1;0
jobBased.exe;T34_big;big;instance_50_3_3_10_6_Bthr_2.txt;50;3;3;600.008;1;2399;2399;3;3;2;1;1;0
jobBased.exe;T34_big;big;instance_50_3_3_10_6_Bthr_3.txt;50;3;3;600.009;1;2032;2032;5;5;1;1;1;0
jobBased.exe;T34_big;big;instance_50_3_3_10_6_Bthr_4.txt;50;3;3;600.008;1;1655;1655;3;3;2;1;1;0
jobBased.exe;T34_big;big;instance_50_3_3_10_6_Bthr_5.txt;50;3;3;600.008;1;2818;2818;2;2;3;1;1;0
jobBased.exe;T34_big;big;instance_50_3_3_10_6_Bthr_6.txt;50;3;3;600.008;1;1581;1581;5;5;0;1;1;0
jobBased.exe;T34_big;big;instance_50_3_3_10_6_Bthr_7.txt;50;3;3;600.008;1;1710;1710;4;4;5;1;1;0
jobBased.exe;T34_big;big;instance_50_3_3_10_6_Bthr_8.txt;50;3;3;600.008;1;1093;1093;2;2;2;1;1;0
jobBased.exe;T34_big;big;instance_50_3_3_10_6_Bthr_9.txt;50;3;3;600.008;1;3070;3070;2;2;6;1;1;0
jobBased.exe;T34_medium;medium;instance_50_3_3_10_6_Mthr_0.txt;50;3;3;600.01;1;3078;3078;2;2;4;1;1;0
jobBased.exe;T34_medium;medium;instance_50_3_3_10_6_Mthr_1.txt;50;3;3;600.008;1;2552;2552;4;4;0;1;1;0
jobBased.exe;T34_medium;medium;instance_50_3_3_10_6_Mthr_2.txt;50;3;3;600.008;1;1832;1832;5;5;1;1;1;0
jobBased.exe;T34_medium;medium;instance_50_3_3_10_6_Mthr_3.txt;50;3;3;600.008;1;1353;1353;5;5;0;1;1;0
jobBased.exe;T34_medium;medium;instance_50_3_3_10_6_Mthr_4.txt;50;3;3;600.009;1;3204;3204;3;3;1;1;1;0
jobBased.exe;T34_medium;medium;instance_50_3_3_10_6_Mthr_5.txt;50;3;3;600.008;1;1990;1990;2;2;5;1;1;0
jobBased.exe;T34_medium;medium;instance_50_3_3_10_6_Mthr_6.txt;50;3;3;600.009;1;3596;3596;2;2;5;1;1;0
jobBased.exe;T34_medium;medium;instance_50_3_3_10_6_Mthr_7.txt;50;3;3;600.009;1;1521;1521;4;4;3;1;1;0
jobBased.exe;T34_medium;medium;instance_50_3_3_10_6_Mthr_8.txt;50;3;3;600.009;1;2386;2386;3;3;3;1;1;0
jobBased.exe;T34_medium;medium;instance_50_3_3_10_6_Mthr_9.txt;50;3;3;600.008;1;1858;1858;3;3;2;1;1;0
jobBased.exe;T34_small;small;instance_50_3_3_10_6_Sthr_0.txt;50;3;3;600.009;1;2658;2658;4;4;0;1;1;0
jobBased.exe;T34_small;small;instance_50_3_3_10_6_Sthr_1.txt;50;3;3;600.009;1;3174;3174;5;5;2;1;1;0
jobBased.exe;T34_small;small;instance_50_3_3_10_6_Sthr_2.txt;50;3;3;600.008;1;1912;1912;5;5;0;1;1;0
jobBased.exe;T34_small;small;instance_50_3_3_10_6_Sthr_3.txt;50;3;3;600.009;1;1470;1470;3;3;1;1;1;0
jobBased.exe;T34_small;small;instance_50_3_3_10_6_Sthr_4.txt;50;3;3;600.009;1;1030;1030;5;5;3;1;1;0
jobBased.exe;T34_small;small;instance_50_3_3_10_6_Sthr_5.txt;50;3;3;600.009;1;1794;1794;4;4;5;1;1;0
jobBased.exe;T34_small;small;instance_50_3_3_10_6_Sthr_6.txt;50;3;3;600.008;1;1829;1829;5;5;0;1;1;0
jobBased.exe;T34_small;small;instance_50_3_3_10_6_Sthr_7.txt;50;3;3;600.009;1;2895;2895;4;4;0;1;1;0
jobBased.exe;T34_small;small;instance_50_3_3_10_6_Sthr_8.txt;50;3;3;600.009;1;1172;1172;5;5;2;1;1;0
jobBased.exe;T34_small;small;instance_50_3_3_10_6_Sthr_9.txt;50;3;3;600.01;1;1922;1922;5;5;1;1;1;0
jobBased.exe;T39_big;big;instance_60_3_4_10_9_Bthr_0.txt;60;3;4;600.012;1;1700;1700;5;5;6;1;1;0
jobBased.exe;T39_big;big;instance_60_3_4_10_9_Bthr_1.txt;60;3;4;600.011;1;4991;4991;7;7;2;1;1;0
jobBased.exe;T39_big;big;instance_60_3_4_10_9_Bthr_2.txt;60;3;4;600.009;1;4181;4181;5;5;9;1;1;0
jobBased.exe;T39_big;big;instance_60_3_4_10_9_Bthr_3.txt;60;3;4;600.009;1;4182;4182;7;7;2;1;1;0
jobBased.exe;T39_big;big;instance_60_3_4_10_9_Bthr_4.txt;60;3;4;600.012;1;3314;3314;6;6;8;1;1;0
jobBased.exe;T39_big;big;instance_60_3_4_10_9_Bthr_5.txt;60;3;4;600.011;1;1726;1726;6;6;4;1;1;0
jobBased.exe;T39_big;big;instance_60_3_4_10_9_Bthr_6.txt;60;3;4;600.01;1;4249;4249;7;7;3;1;1;0
jobBased.exe;T39_big;big;instance_60_3_4_10_9_Bthr_7.txt;60;3;4;600.009;1;2378;2378;6;6;4;1;1;0
jobBased.exe;T39_big;big;instance_60_3_4_10_9_Bthr_8.txt;60;3;4;600.01;1;2903;2903;4;4;12;1;1;0
jobBased.exe;T39_big;big;instance_60_3_4_10_9_Bthr_9.txt;60;3;4;600.008;1;3811;3811;5;5;8;1;1;0
jobBased.exe;T39_medium;medium;instance_60_3_4_10_9_Mthr_0.txt;60;3;4;600.009;1;3577;3577;7;7;3;1;1;0
jobBased.exe;T39_medium;medium;instance_60_3_4_10_9_Mthr_1.txt;60;3;4;600.011;1;2970;2970;5;5;10;1;1;0
jobBased.exe;T39_medium;medium;instance_60_3_4_10_9_Mthr_2.txt;60;3;4;600;0; ; ; ; ; ; ; 
jobBased.exe;T39_medium;medium;instance_60_3_4_10_9_Mthr_3.txt;60;3;4;600;0; ; ; ; ; ; ; 
jobBased.exe;T39_medium;medium;instance_60_3_4_10_9_Mthr_4.txt;60;3;4;600.011;1;2052;2052;6;6;6;1;1;0
jobBased.exe;T39_medium;medium;instance_60_3_4_10_9_Mthr_5.txt;60;3;4;600.011;1;2487;2487;6;6;6;1;1;0
jobBased.exe;T39_medium;medium;instance_60_3_4_10_9_Mthr_6.txt;60;3;4;600.013;1;1064;1064;6;6;3;1;1;0
jobBased.exe;T39_medium;medium;instance_60_3_4_10_9_Mthr_7.txt;60;3;4;600.011;1;1865;1865;7;7;2;1;1;0
jobBased.exe;T39_medium;medium;instance_60_3_4_10_9_Mthr_8.txt;60;3;4;600.009;1;3651;3651;8;8;2;1;1;0
jobBased.exe;T39_medium;medium;instance_60_3_4_10_9_Mthr_9.txt;60;3;4;600.01;1;1771;1771;6;6;3;1;1;0
jobBased.exe;T39_small;small;instance_60_3_4_10_9_Sthr_0.txt;60;3;4;600;0; ; ; ; ; ; ; 
jobBased.exe;T39_small;small;instance_60_3_4_10_9_Sthr_1.txt;60;3;4;600;0; ; ; ; ; ; ; 
jobBased.exe;T39_small;small;instance_60_3_4_10_9_Sthr_2.txt;60;3;4;600.01;1;1877;1877;8;8;5;1;1;0
jobBased.exe;T39_small;small;instance_60_3_4_10_9_Sthr_3.txt;60;3;4;600.009;1;4069;4069;7;7;2;1;1;0
jobBased.exe;T39_small;small;instance_60_3_4_10_9_Sthr_4.txt;60;3;4;600.012;1;2829;2829;6;6;4;1;1;0
jobBased.exe;T39_small;small;instance_60_3_4_10_9_Sthr_5.txt;60;3;4;600;0; ; ; ; ; ; ; 
jobBased.exe;T39_small;small;instance_60_3_4_10_9_Sthr_6.txt;60;3;4;600.009;1;2178;2178;7;7;2;1;1;0
jobBased.exe;T39_small;small;instance_60_3_4_10_9_Sthr_7.txt;60;3;4;600.009;1;2994;2994;7;7;2;1;1;0
jobBased.exe;T39_small;small;instance_60_3_4_10_9_Sthr_8.txt;60;3;4;600.013;1;1004;1004;6;6;7;1;1;0
jobBased.exe;T39_small;small;instance_60_3_4_10_9_Sthr_9.txt;60;3;4;600.01;1;1396;1396;6;6;5;1;1;0
jobBased.exe;T40_big;big;instance_60_3_5_10_11_Bthr_0.txt;60;3;5;600;0; ; ; ; ; ; ; 
jobBased.exe;T40_big;big;instance_60_3_5_10_11_Bthr_1.txt;60;3;5;600.01;1;2692;2692;7;7;8;1;1;0
jobBased.exe;T40_big;big;instance_60_3_5_10_11_Bthr_2.txt;60;3;5;600.009;1;2272;2272;8;8;6;1;1;0
jobBased.exe;T40_big;big;instance_60_3_5_10_11_Bthr_3.txt;60;3;5;600.009;1;1827;1827;6;6;9;1;1;0
jobBased.exe;T40_big;big;instance_60_3_5_10_11_Bthr_4.txt;60;3;5;600;0; ; ; ; ; ; ; 
jobBased.exe;T40_big;big;instance_60_3_5_10_11_Bthr_5.txt;60;3;5;600.01;1;2946;2946;9;9;4;1;1;0
jobBased.exe;T40_big;big;instance_60_3_5_10_11_Bthr_6.txt;60;3;5;600.009;1;2600;2600;5;5;10;1;1;0
jobBased.exe;T40_big;big;instance_60_3_5_10_11_Bthr_7.txt;60;3;5;600;0; ; ; ; ; ; ; 
jobBased.exe;T40_big;big;instance_60_3_5_10_11_Bthr_8.txt;60;3;5;600.01;1;1881;1881;10;10;5;1;1;0
jobBased.exe;T40_big;big;instance_60_3_5_10_11_Bthr_9.txt;60;3;5;600.009;1;2450;2450;8;8;6;1;1;0
jobBased.exe;T40_medium;medium;instance_60_3_5_10_11_Mthr_0.txt;60;3;5;600.01;1;1498;1498;8;8;4;1;1;0
jobBased.exe;T40_medium;medium;instance_60_3_5_10_11_Mthr_1.txt;60;3;5;600.01;1;2063;2063;7;7;10;1;1;0
jobBased.exe;T40_medium;medium;instance_60_3_5_10_11_Mthr_2.txt;60;3;5;600;0; ; ; ; ; ; ; 
jobBased.exe;T40_medium;medium;instance_60_3_5_10_11_Mthr_3.txt;60;3;5;600.009;1;1764;1764;7;7;9;1;1;0
jobBased.exe;T40_medium;medium;instance_60_3_5_10_11_Mthr_4.txt;60;3;5;600.009;1;1456;1456;7;7;12;1;1;0
jobBased.exe;T40_medium;medium;instance_60_3_5_10_11_Mthr_5.txt;60;3;5;600.011;1;2904;2904;9;9;6;1;1;0
jobBased.exe;T40_medium;medium;instance_60_3_5_10_11_Mthr_6.txt;60;3;5;600;0; ; ; ; ; ; ; 
jobBased.exe;T40_medium;medium;instance_60_3_5_10_11_Mthr_7.txt;60;3;5;600.009;1;2853;2853;9;9;4;1;1;0
jobBased.exe;T40_medium;medium;instance_60_3_5_10_11_Mthr_8.txt;60;3;5;600.01;1;2419;2419;8;8;4;1;1;0
jobBased.exe;T40_medium;medium;instance_60_3_5_10_11_Mthr_9.txt;60;3;5;600;0; ; ; ; ; ; ; 
jobBased.exe;T40_small;small;instance_60_3_5_10_11_Sthr_0.txt;60;3;5;600;0; ; ; ; ; ; ; 
jobBased.exe;T40_small;small;instance_60_3_5_10_11_Sthr_1.txt;60;3;5;600;0; ; ; ; ; ; ; 
jobBased.exe;T40_small;small;instance_60_3_5_10_11_Sthr_2.txt;60;3;5;600.009;1;1110;1110;8;8;5;1;1;0
jobBased.exe;T40_small;small;instance_60_3_5_10_11_Sthr_3.txt;60;3;5;600;0; ; ; ; ; ; ; 
jobBased.exe;T40_small;small;instance_60_3_5_10_11_Sthr_4.txt;60;3;5;600;0; ; ; ; ; ; ; 
jobBased.exe;T40_small;small;instance_60_3_5_10_11_Sthr_5.txt;60;3;5;600;0; ; ; ; ; ; ; 
jobBased.exe;T40_small;small;instance_60_3_5_10_11_Sthr_6.txt;60;3;5;600;0; ; ; ; ; ; ; 
jobBased.exe;T40_small;small;instance_60_3_5_10_11_Sthr_7.txt;60;3;5;600.008;1;3699;3699;9;9;5;1;1;0
jobBased.exe;T40_small;small;instance_60_3_5_10_11_Sthr_8.txt;60;3;5;600;0; ; ; ; ; ; ; 
jobBased.exe;T40_small;small;instance_60_3_5_10_11_Sthr_9.txt;60;3;5;600;0; ; ; ; ; ; ; 
jobBased.exe;T44_big;big;instance_70_3_5_10_12_Bthr_0.txt;70;3;5;600.011;1;1880;1880;8;8;8;1;1;0
jobBased.exe;T44_big;big;instance_70_3_5_10_12_Bthr_1.txt;70;3;5;600;0; ; ; ; ; ; ; 
jobBased.exe;T44_big;big;instance_70_3_5_10_12_Bthr_2.txt;70;3;5;600;0; ; ; ; ; ; ; 
jobBased.exe;T44_big;big;instance_70_3_5_10_12_Bthr_3.txt;70;3;5;600;0; ; ; ; ; ; ; 
jobBased.exe;T44_big;big;instance_70_3_5_10_12_Bthr_4.txt;70;3;5;600.013;1;1827;1827;8;8;8;1;1;0
jobBased.exe;T44_big;big;instance_70_3_5_10_12_Bthr_5.txt;70;3;5;600;0; ; ; ; ; ; ; 
jobBased.exe;T44_big;big;instance_70_3_5_10_12_Bthr_6.txt;70;3;5;600;0; ; ; ; ; ; ; 
jobBased.exe;T44_big;big;instance_70_3_5_10_12_Bthr_7.txt;70;3;5;600;0; ; ; ; ; ; ; 
jobBased.exe;T44_big;big;instance_70_3_5_10_12_Bthr_8.txt;70;3;5;600;0; ; ; ; ; ; ; 
jobBased.exe;T44_big;big;instance_70_3_5_10_12_Bthr_9.txt;70;3;5;600.014;1;2420;2420;8;8;8;1;1;0
jobBased.exe;T44_medium;medium;instance_70_3_5_10_12_Mthr_0.txt;70;3;5;600.012;1;2431;2431;8;8;8;1;1;0
jobBased.exe;T44_medium;medium;instance_70_3_5_10_12_Mthr_1.txt;70;3;5;600;0; ; ; ; ; ; ; 
jobBased.exe;T44_medium;medium;instance_70_3_5_10_12_Mthr_2.txt;70;3;5;600;0; ; ; ; ; ; ; 
jobBased.exe;T44_medium;medium;instance_70_3_5_10_12_Mthr_3.txt;70;3;5;600;0; ; ; ; ; ; ; 
jobBased.exe;T44_medium;medium;instance_70_3_5_10_12_Mthr_4.txt;70;3;5;600.012;1;2359;2359;10;10;4;1;1;0
jobBased.exe;T44_medium;medium;instance_70_3_5_10_12_Mthr_5.txt;70;3;5;600.012;1;2734;2734;9;9;6;1;1;0
jobBased.exe;T44_medium;medium;instance_70_3_5_10_12_Mthr_6.txt;70;3;5;600;0; ; ; ; ; ; ; 
jobBased.exe;T44_medium;medium;instance_70_3_5_10_12_Mthr_7.txt;70;3;5;600;0; ; ; ; ; ; ; 
jobBased.exe;T44_medium;medium;instance_70_3_5_10_12_Mthr_8.txt;70;3;5;600;0; ; ; ; ; ; ; 
jobBased.exe;T44_medium;medium;instance_70_3_5_10_12_Mthr_9.txt;70;3;5;600;0; ; ; ; ; ; ; 
jobBased.exe;T44_small;small;instance_70_3_5_10_12_Sthr_0.txt;70;3;5;600;0; ; ; ; ; ; ; 
jobBased.exe;T44_small;small;instance_70_3_5_10_12_Sthr_1.txt;70;3;5;600;0; ; ; ; ; ; ; 
jobBased.exe;T44_small;small;instance_70_3_5_10_12_Sthr_2.txt;70;3;5;600;0; ; ; ; ; ; ; 
jobBased.exe;T44_small;small;instance_70_3_5_10_12_Sthr_3.txt;70;3;5;600;0; ; ; ; ; ; ; 
jobBased.exe;T44_small;small;instance_70_3_5_10_12_Sthr_4.txt;70;3;5;600;0; ; ; ; ; ; ; 
jobBased.exe;T44_small;small;instance_70_3_5_10_12_Sthr_5.txt;70;3;5;600.008;1;3269;3269;11;11;5;1;1;0
jobBased.exe;T44_small;small;instance_70_3_5_10_12_Sthr_6.txt;70;3;5;600;0; ; ; ; ; ; ; 
jobBased.exe;T44_small;small;instance_70_3_5_10_12_Sthr_7.txt;70;3;5;600;0; ; ; ; ; ; ; 
jobBased.exe;T44_small;small;instance_70_3_5_10_12_Sthr_8.txt;70;3;5;600;0; ; ; ; ; ; ; 
jobBased.exe;T44_small;small;instance_70_3_5_10_12_Sthr_9.txt;70;3;5;600;0; ; ; ; ; ; ; 
jobBased.exe;T45_big;big;instance_70_4_4_10_9_Bthr_0.txt;70;4;4;600.012;1;2347;2347;5;5;3;1;1;0
jobBased.exe;T45_big;big;instance_70_4_4_10_9_Bthr_1.txt;70;4;4;600.012;1;4216;4216;5;5;3;1;1;0
jobBased.exe;T45_big;big;instance_70_4_4_10_9_Bthr_2.txt;70;4;4;600.014;1;6169;6169;4;4;4;1;1;0
jobBased.exe;T45_big;big;instance_70_4_4_10_9_Bthr_3.txt;70;4;4;600.013;1;3513;3513;6;6;3;1;1;0
jobBased.exe;T45_big;big;instance_70_4_4_10_9_Bthr_4.txt;70;4;4;600.014;1;4396;4396;5;5;6;1;1;0
jobBased.exe;T45_big;big;instance_70_4_4_10_9_Bthr_5.txt;70;4;4;600.014;1;2508;2508;5;5;3;1;1;0
jobBased.exe;T45_big;big;instance_70_4_4_10_9_Bthr_6.txt;70;4;4;600.01;1;4288;4288;5;5;2;1;1;0
jobBased.exe;T45_big;big;instance_70_4_4_10_9_Bthr_7.txt;70;4;4;600.012;1;3356;3356;7;7;1;1;1;0
jobBased.exe;T45_big;big;instance_70_4_4_10_9_Bthr_8.txt;70;4;4;600.014;1;3990;3990;6;6;2;1;1;0
jobBased.exe;T45_big;big;instance_70_4_4_10_9_Bthr_9.txt;70;4;4;600.014;1;1847;1847;5;5;5;1;1;0
jobBased.exe;T45_medium;medium;instance_70_4_4_10_9_Mthr_0.txt;70;4;4;600.012;1;2873;2873;5;5;5;1;1;0
jobBased.exe;T45_medium;medium;instance_70_4_4_10_9_Mthr_1.txt;70;4;4;600.011;1;2616;2616;6;6;7;1;1;0
jobBased.exe;T45_medium;medium;instance_70_4_4_10_9_Mthr_2.txt;70;4;4;600.012;1;2577;2577;6;6;4;1;1;0
jobBased.exe;T45_medium;medium;instance_70_4_4_10_9_Mthr_3.txt;70;4;4;600.012;1;3895;3895;8;8;2;1;1;0
jobBased.exe;T45_medium;medium;instance_70_4_4_10_9_Mthr_4.txt;70;4;4;600.012;1;4132;4132;7;7;0;1;1;0
jobBased.exe;T45_medium;medium;instance_70_4_4_10_9_Mthr_5.txt;70;4;4;600.012;1;2593;2593;5;5;4;1;1;0
jobBased.exe;T45_medium;medium;instance_70_4_4_10_9_Mthr_6.txt;70;4;4;600.012;1;3500;3500;6;6;4;1;1;0
jobBased.exe;T45_medium;medium;instance_70_4_4_10_9_Mthr_7.txt;70;4;4;600.013;1;5908;5908;4;4;9;1;1;0
jobBased.exe;T45_medium;medium;instance_70_4_4_10_9_Mthr_8.txt;70;4;4;600.013;1;3993;3993;6;6;3;1;1;0
jobBased.exe;T45_medium;medium;instance_70_4_4_10_9_Mthr_9.txt;70;4;4;600.013;1;2731;2731;5;5;3;1;1;0
jobBased.exe;T45_small;small;instance_70_4_4_10_9_Sthr_0.txt;70;4;4;600.011;1;5546;5546;6;6;1;1;1;0
jobBased.exe;T45_small;small;instance_70_4_4_10_9_Sthr_1.txt;70;4;4;600.011;1;2489;2489;8;8;2;1;1;0
jobBased.exe;T45_small;small;instance_70_4_4_10_9_Sthr_2.txt;70;4;4;600.011;1;2661;2661;6;6;7;1;1;0
jobBased.exe;T45_small;small;instance_70_4_4_10_9_Sthr_3.txt;70;4;4;600.012;1;2859;2859;8;8;3;1;1;0
jobBased.exe;T45_small;small;instance_70_4_4_10_9_Sthr_4.txt;70;4;4;600;0; ; ; ; ; ; ; 
jobBased.exe;T45_small;small;instance_70_4_4_10_9_Sthr_5.txt;70;4;4;600.013;1;3691;3691;7;7;1;1;1;0
jobBased.exe;T45_small;small;instance_70_4_4_10_9_Sthr_6.txt;70;4;4;600.012;1;1029;1029;7;7;2;1;1;0
jobBased.exe;T45_small;small;instance_70_4_4_10_9_Sthr_7.txt;70;4;4;600.012;1;4159;4159;6;6;2;1;1;0
jobBased.exe;T45_small;small;instance_70_4_4_10_9_Sthr_8.txt;70;4;4;600.012;1;4746;4746;7;7;0;1;1;0
jobBased.exe;T45_small;small;instance_70_4_4_10_9_Sthr_9.txt;70;4;4;600.011;1;4225;4225;8;8;4;1;1;0
jobBased.exe;T46_big;big;instance_70_4_5_10_14_Bthr_0.txt;70;4;5;600;0; ; ; ; ; ; ; 
jobBased.exe;T46_big;big;instance_70_4_5_10_14_Bthr_1.txt;70;4;5;600.014;1;2980;2980;10;10;6;1;1;0
jobBased.exe;T46_big;big;instance_70_4_5_10_14_Bthr_2.txt;70;4;5;600;0; ; ; ; ; ; ; 
jobBased.exe;T46_big;big;instance_70_4_5_10_14_Bthr_3.txt;70;4;5;600.014;1;2656;2656;9;9;7;1;1;0
jobBased.exe;T46_big;big;instance_70_4_5_10_14_Bthr_4.txt;70;4;5;600.015;1;2026;2026;11;11;3;1;1;0
jobBased.exe;T46_big;big;instance_70_4_5_10_14_Bthr_5.txt;70;4;5;600.014;1;2060;2060;11;11;6;1;1;0
jobBased.exe;T46_big;big;instance_70_4_5_10_14_Bthr_6.txt;70;4;5;600.013;1;2981;2981;9;9;7;1;1;0
jobBased.exe;T46_big;big;instance_70_4_5_10_14_Bthr_7.txt;70;4;5;600.014;1;4155;4155;10;10;5;1;1;0
jobBased.exe;T46_big;big;instance_70_4_5_10_14_Bthr_8.txt;70;4;5;600.015;1;2428;2428;8;8;11;1;1;0
jobBased.exe;T46_big;big;instance_70_4_5_10_14_Bthr_9.txt;70;4;5;600.013;1;2103;2103;10;10;8;1;1;0
jobBased.exe;T46_medium;medium;instance_70_4_5_10_14_Mthr_0.txt;70;4;5;600;0; ; ; ; ; ; ; 
jobBased.exe;T46_medium;medium;instance_70_4_5_10_14_Mthr_1.txt;70;4;5;600.014;1;3355;3355;10;10;3;1;1;0
jobBased.exe;T46_medium;medium;instance_70_4_5_10_14_Mthr_2.txt;70;4;5;600.013;1;3675;3675;13;13;5;1;1;0
jobBased.exe;T46_medium;medium;instance_70_4_5_10_14_Mthr_3.txt;70;4;5;600.015;1;2277;2277;12;12;7;1;1;0
jobBased.exe;T46_medium;medium;instance_70_4_5_10_14_Mthr_4.txt;70;4;5;600;0; ; ; ; ; ; ; 
jobBased.exe;T46_medium;medium;instance_70_4_5_10_14_Mthr_5.txt;70;4;5;600.013;1;1397;1397;5;5;7;1;1;0
jobBased.exe;T46_medium;medium;instance_70_4_5_10_14_Mthr_6.txt;70;4;5;600.014;1;1011;1011;10;10;4;1;1;0
jobBased.exe;T46_medium;medium;instance_70_4_5_10_14_Mthr_7.txt;70;4;5;600;0; ; ; ; ; ; ; 
jobBased.exe;T46_medium;medium;instance_70_4_5_10_14_Mthr_8.txt;70;4;5;600.015;1;2648;2648;10;10;6;1;1;0
jobBased.exe;T46_medium;medium;instance_70_4_5_10_14_Mthr_9.txt;70;4;5;600;0; ; ; ; ; ; ; 
jobBased.exe;T46_small;small;instance_70_4_5_10_14_Sthr_0.txt;70;4;5;600;0; ; ; ; ; ; ; 
jobBased.exe;T46_small;small;instance_70_4_5_10_14_Sthr_1.txt;70;4;5;600;0; ; ; ; ; ; ; 
jobBased.exe;T46_small;small;instance_70_4_5_10_14_Sthr_2.txt;70;4;5;600.015;1;2907;2907;11;11;6;1;1;0
jobBased.exe;T46_small;small;instance_70_4_5_10_14_Sthr_3.txt;70;4;5;600;0; ; ; ; ; ; ; 
jobBased.exe;T46_small;small;instance_70_4_5_10_14_Sthr_4.txt;70;4;5;600;0; ; ; ; ; ; ; 
jobBased.exe;T46_small;small;instance_70_4_5_10_14_Sthr_5.txt;70;4;5;600;0; ; ; ; ; ; ; 
jobBased.exe;T46_small;small;instance_70_4_5_10_14_Sthr_6.txt;70;4;5;600.01;1;3792;3792;13;13;3;1;1;0
jobBased.exe;T46_small;small;instance_70_4_5_10_14_Sthr_7.txt;70;4;5;600.013;1;3673;3673;13;13;3;1;1;0
jobBased.exe;T46_small;small;instance_70_4_5_10_14_Sthr_8.txt;70;4;5;600.017;1;2590;2590;13;13;5;1;1;0
jobBased.exe;T46_small;small;instance_70_4_5_10_14_Sthr_9.txt;70;4;5;600;0; ; ; ; ; ; ; 

