methode,type,threshold,nom_instance,N,M,F,tps,solv,obj,obj1,obj2,obj22,setup,valide,feas,opt 
RH.exe,T14_big,big,instance_20_3_4_10_8_Bthr_0.txt,20,3,4,0,1,440,436,4,4,2,1,,
RH.exe,T14_big,big,instance_20_3_4_10_8_Bthr_1.txt,20,3,4,0,1,349,349,0,0,1,1,,
RH.exe,T14_big,big,instance_20_3_4_10_8_Bthr_2.txt,20,3,4,0,1,264,262,2,2,1,1,,
RH.exe,T14_big,big,instance_20_3_4_10_8_Bthr_3.txt,20,3,4,0,1,421,418,3,3,4,1,,
RH.exe,T14_big,big,instance_20_3_4_10_8_Bthr_4.txt,20,3,4,0,1,485,482,3,3,2,1,,
RH.exe,T14_big,big,instance_20_3_4_10_8_Bthr_5.txt,20,3,4,"0,0010026",1,230,226,4,4,1,1,,
RH.exe,T14_big,big,instance_20_3_4_10_8_Bthr_6.txt,20,3,4,0,1,422,422,0,0,5,1,,
RH.exe,T14_big,big,instance_20_3_4_10_8_Bthr_7.txt,20,3,4,0,1,437,434,3,3,4,1,,
RH.exe,T14_big,big,instance_20_3_4_10_8_Bthr_8.txt,20,3,4,"0,0009609",1,437,432,5,5,1,1,,
RH.exe,T14_big,big,instance_20_3_4_10_8_Bthr_9.txt,20,3,4,0,1,452,448,4,4,2,1,,
RH.exe,T14_medium,medium,instance_20_3_4_10_8_Mthr_0.txt,20,3,4,"0,0010328",1,165,159,6,6,2,1,,
RH.exe,T14_medium,medium,instance_20_3_4_10_8_Mthr_1.txt,20,3,4,"0,0010079",1,371,364,7,7,2,1,,
RH.exe,T14_medium,medium,instance_20_3_4_10_8_Mthr_2.txt,20,3,4,0,1,322,318,4,4,2,1,,
RH.exe,T14_medium,medium,instance_20_3_4_10_8_Mthr_3.txt,20,3,4,"0,0009913",1,151,146,5,5,3,1,,
RH.exe,T14_medium,medium,instance_20_3_4_10_8_Mthr_4.txt,20,3,4,0,1,213,211,2,2,5,1,,
RH.exe,T14_medium,medium,instance_20_3_4_10_8_Mthr_5.txt,20,3,4,"0,0010027",1,603,598,5,5,1,1,,
RH.exe,T14_medium,medium,instance_20_3_4_10_8_Mthr_6.txt,20,3,4,0,1,319,316,3,3,2,1,,
RH.exe,T14_medium,medium,instance_20_3_4_10_8_Mthr_7.txt,20,3,4,0,1,360,357,3,3,3,1,,
RH.exe,T14_medium,medium,instance_20_3_4_10_8_Mthr_8.txt,20,3,4,0,1,431,427,4,4,3,1,,
RH.exe,T14_medium,medium,instance_20_3_4_10_8_Mthr_9.txt,20,3,4,"0,001031",1,336,331,5,5,2,1,,
RH.exe,T14_small,small,instance_20_3_4_10_8_Sthr_0.txt,20,3,4,0,1,404,397,7,7,4,1,,
RH.exe,T14_small,small,instance_20_3_4_10_8_Sthr_1.txt,20,3,4,0,1,376,371,5,5,2,1,,
RH.exe,T14_small,small,instance_20_3_4_10_8_Sthr_2.txt,20,3,4,0,0, , , , , , ,,
RH.exe,T14_small,small,instance_20_3_4_10_8_Sthr_3.txt,20,3,4,0,1,369,366,3,3,5,1,,
RH.exe,T14_small,small,instance_20_3_4_10_8_Sthr_4.txt,20,3,4,0,1,185,181,4,4,4,1,,
RH.exe,T14_small,small,instance_20_3_4_10_8_Sthr_5.txt,20,3,4,"0,0010027",1,325,320,5,5,3,1,,
RH.exe,T14_small,small,instance_20_3_4_10_8_Sthr_6.txt,20,3,4,"0,0010024",1,284,279,5,5,2,1,,
RH.exe,T14_small,small,instance_20_3_4_10_8_Sthr_7.txt,20,3,4,"0,0010293",1,200,195,5,5,3,1,,
RH.exe,T14_small,small,instance_20_3_4_10_8_Sthr_8.txt,20,3,4,0,1,409,404,5,5,3,1,,
RH.exe,T14_small,small,instance_20_3_4_10_8_Sthr_9.txt,20,3,4,"0,0010027",1,386,381,5,5,1,1,,
RH.exe,T15_big,big,instance_20_3_5_10_9_Bthr_0.txt,20,3,5,0,1,303,303,0,0,5,1,,
RH.exe,T15_big,big,instance_20_3_5_10_9_Bthr_1.txt,20,3,5,0,1,383,380,3,3,4,1,,
RH.exe,T15_big,big,instance_20_3_5_10_9_Bthr_2.txt,20,3,5,"0,0010027",1,435,430,5,5,3,1,,
RH.exe,T15_big,big,instance_20_3_5_10_9_Bthr_3.txt,20,3,5,0,1,279,279,0,0,3,1,,
RH.exe,T15_big,big,instance_20_3_5_10_9_Bthr_4.txt,20,3,5,"0,001003",1,667,662,5,5,2,1,,
RH.exe,T15_big,big,instance_20_3_5_10_9_Bthr_5.txt,20,3,5,"0,0020048",1,412,407,5,5,2,1,,
RH.exe,T15_big,big,instance_20_3_5_10_9_Bthr_6.txt,20,3,5,0,1,358,356,2,2,4,1,,
RH.exe,T15_big,big,instance_20_3_5_10_9_Bthr_7.txt,20,3,5,"0,0010216",1,342,337,5,5,3,1,,
RH.exe,T15_big,big,instance_20_3_5_10_9_Bthr_8.txt,20,3,5,0,1,312,312,0,0,6,1,,
RH.exe,T15_big,big,instance_20_3_5_10_9_Bthr_9.txt,20,3,5,"0,0020051",1,252,244,8,8,2,1,,
RH.exe,T15_medium,medium,instance_20_3_5_10_9_Mthr_0.txt,20,3,5,"0,0010032",1,284,277,7,7,4,1,,
RH.exe,T15_medium,medium,instance_20_3_5_10_9_Mthr_1.txt,20,3,5,"0,0010281",1,417,411,6,6,4,1,,
RH.exe,T15_medium,medium,instance_20_3_5_10_9_Mthr_2.txt,20,3,5,"0,0010027",1,481,476,5,5,3,1,,
RH.exe,T15_medium,medium,instance_20_3_5_10_9_Mthr_3.txt,20,3,5,"0,0020314",1,347,339,8,8,2,1,,
RH.exe,T15_medium,medium,instance_20_3_5_10_9_Mthr_4.txt,20,3,5,"0,0010021",1,234,234,0,0,4,1,,
RH.exe,T15_medium,medium,instance_20_3_5_10_9_Mthr_5.txt,20,3,5,"0,0020045",1,349,342,7,7,2,1,,
RH.exe,T15_medium,medium,instance_20_3_5_10_9_Mthr_6.txt,20,3,5,0,0, , , , , , ,,
RH.exe,T15_medium,medium,instance_20_3_5_10_9_Mthr_7.txt,20,3,5,0,1,321,317,4,4,3,1,,
RH.exe,T15_medium,medium,instance_20_3_5_10_9_Mthr_8.txt,20,3,5,"0,0010346",1,439,434,5,5,3,1,,
RH.exe,T15_medium,medium,instance_20_3_5_10_9_Mthr_9.txt,20,3,5,"0,0020063",1,360,352,8,8,3,1,,
RH.exe,T15_small,small,instance_20_3_5_10_9_Sthr_0.txt,20,3,5,0,0, , , , , , ,,
RH.exe,T15_small,small,instance_20_3_5_10_9_Sthr_1.txt,20,3,5,0,0, , , , , , ,,
RH.exe,T15_small,small,instance_20_3_5_10_9_Sthr_2.txt,20,3,5,"0,0020054",1,418,413,5,5,3,1,,
RH.exe,T15_small,small,instance_20_3_5_10_9_Sthr_3.txt,20,3,5,0,1,715,709,6,6,4,1,,
RH.exe,T15_small,small,instance_20_3_5_10_9_Sthr_4.txt,20,3,5,0,0, , , , , , ,,
RH.exe,T15_small,small,instance_20_3_5_10_9_Sthr_5.txt,20,3,5,0,0, , , , , , ,,
RH.exe,T15_small,small,instance_20_3_5_10_9_Sthr_6.txt,20,3,5,0,1,350,345,5,5,6,1,,
RH.exe,T15_small,small,instance_20_3_5_10_9_Sthr_7.txt,20,3,5,0,0, , , , , , ,,
RH.exe,T15_small,small,instance_20_3_5_10_9_Sthr_8.txt,20,3,5,"0,0020056",1,454,447,7,7,2,1,,
RH.exe,T15_small,small,instance_20_3_5_10_9_Sthr_9.txt,20,3,5,"0,0020051",1,499,494,5,5,4,1,,
RH.exe,T16_big,big,instance_20_4_2_10_6_Bthr_0.txt,20,4,2,0,1,429,429,0,0,2,1,,
RH.exe,T16_big,big,instance_20_4_2_10_6_Bthr_1.txt,20,4,2,0,1,319,319,0,0,0,1,,
RH.exe,T16_big,big,instance_20_4_2_10_6_Bthr_2.txt,20,4,2,0,1,299,298,1,1,2,1,,
RH.exe,T16_big,big,instance_20_4_2_10_6_Bthr_3.txt,20,4,2,0,1,427,427,0,0,2,1,,
RH.exe,T16_big,big,instance_20_4_2_10_6_Bthr_4.txt,20,4,2,0,1,277,277,0,0,2,1,,
RH.exe,T16_big,big,instance_20_4_2_10_6_Bthr_5.txt,20,4,2,0,1,465,463,2,2,0,1,,
RH.exe,T16_big,big,instance_20_4_2_10_6_Bthr_6.txt,20,4,2,"0,0010021",1,540,540,0,0,0,1,,
RH.exe,T16_big,big,instance_20_4_2_10_6_Bthr_7.txt,20,4,2,0,1,272,272,0,0,0,1,,
RH.exe,T16_big,big,instance_20_4_2_10_6_Bthr_8.txt,20,4,2,0,1,246,246,0,0,1,1,,
RH.exe,T16_big,big,instance_20_4_2_10_6_Bthr_9.txt,20,4,2,0,1,589,585,4,4,0,1,,
RH.exe,T16_medium,medium,instance_20_4_2_10_6_Mthr_0.txt,20,4,2,0,1,524,524,0,0,2,1,,
RH.exe,T16_medium,medium,instance_20_4_2_10_6_Mthr_1.txt,20,4,2,0,1,97,97,0,0,0,1,,
RH.exe,T16_medium,medium,instance_20_4_2_10_6_Mthr_2.txt,20,4,2,0,1,184,180,4,4,0,1,,
RH.exe,T16_medium,medium,instance_20_4_2_10_6_Mthr_3.txt,20,4,2,0,1,440,440,0,0,2,1,,
RH.exe,T16_medium,medium,instance_20_4_2_10_6_Mthr_4.txt,20,4,2,0,1,277,275,2,2,0,1,,
RH.exe,T16_medium,medium,instance_20_4_2_10_6_Mthr_5.txt,20,4,2,0,1,317,315,2,2,0,1,,
RH.exe,T16_medium,medium,instance_20_4_2_10_6_Mthr_6.txt,20,4,2,0,1,244,244,0,0,0,1,,
RH.exe,T16_medium,medium,instance_20_4_2_10_6_Mthr_7.txt,20,4,2,"0,0010068",1,422,420,2,2,0,1,,
RH.exe,T16_medium,medium,instance_20_4_2_10_6_Mthr_8.txt,20,4,2,0,1,260,258,2,2,0,1,,
RH.exe,T16_medium,medium,instance_20_4_2_10_6_Mthr_9.txt,20,4,2,0,1,378,378,0,0,2,1,,
RH.exe,T16_small,small,instance_20_4_2_10_6_Sthr_0.txt,20,4,2,0,1,366,365,1,1,1,1,,
RH.exe,T16_small,small,instance_20_4_2_10_6_Sthr_1.txt,20,4,2,0,1,308,306,2,2,0,1,,
RH.exe,T16_small,small,instance_20_4_2_10_6_Sthr_2.txt,20,4,2,0,1,115,111,4,4,0,1,,
RH.exe,T16_small,small,instance_20_4_2_10_6_Sthr_3.txt,20,4,2,0,1,288,286,2,2,0,1,,
RH.exe,T16_small,small,instance_20_4_2_10_6_Sthr_4.txt,20,4,2,0,1,551,550,1,1,2,1,,
RH.exe,T16_small,small,instance_20_4_2_10_6_Sthr_5.txt,20,4,2,0,1,276,275,1,1,1,1,,
RH.exe,T16_small,small,instance_20_4_2_10_6_Sthr_6.txt,20,4,2,0,1,432,430,2,2,0,1,,
RH.exe,T16_small,small,instance_20_4_2_10_6_Sthr_7.txt,20,4,2,"0,0010027",1,337,333,4,4,0,1,,
RH.exe,T16_small,small,instance_20_4_2_10_6_Sthr_8.txt,20,4,2,0,1,274,270,4,4,0,1,,
RH.exe,T16_small,small,instance_20_4_2_10_6_Sthr_9.txt,20,4,2,0,1,409,407,2,2,1,1,,
RH.exe,T17_big,big,instance_20_4_3_10_7_Bthr_0.txt,20,4,3,0,1,240,240,0,0,3,1,,
RH.exe,T17_big,big,instance_20_4_3_10_7_Bthr_1.txt,20,4,3,0,1,348,347,1,1,2,1,,
RH.exe,T17_big,big,instance_20_4_3_10_7_Bthr_2.txt,20,4,3,0,1,298,297,1,1,2,1,,
RH.exe,T17_big,big,instance_20_4_3_10_7_Bthr_3.txt,20,4,3,0,1,513,513,0,0,3,1,,
RH.exe,T17_big,big,instance_20_4_3_10_7_Bthr_4.txt,20,4,3,0,1,224,224,0,0,3,1,,
RH.exe,T17_big,big,instance_20_4_3_10_7_Bthr_5.txt,20,4,3,0,1,434,434,0,0,3,1,,
RH.exe,T17_big,big,instance_20_4_3_10_7_Bthr_6.txt,20,4,3,0,1,357,356,1,1,0,1,,
RH.exe,T17_big,big,instance_20_4_3_10_7_Bthr_7.txt,20,4,3,0,1,248,248,0,0,1,1,,
RH.exe,T17_big,big,instance_20_4_3_10_7_Bthr_8.txt,20,4,3,0,1,378,378,0,0,2,1,,
RH.exe,T17_big,big,instance_20_4_3_10_7_Bthr_9.txt,20,4,3,"0,0010006",1,490,487,3,3,0,1,,
RH.exe,T17_medium,medium,instance_20_4_3_10_7_Mthr_0.txt,20,4,3,"0,0010027",1,338,332,6,6,1,1,,
RH.exe,T17_medium,medium,instance_20_4_3_10_7_Mthr_1.txt,20,4,3,0,1,358,358,0,0,1,1,,
RH.exe,T17_medium,medium,instance_20_4_3_10_7_Mthr_2.txt,20,4,3,0,1,210,206,4,4,0,1,,
RH.exe,T17_medium,medium,instance_20_4_3_10_7_Mthr_3.txt,20,4,3,"0,0010059",1,561,556,5,5,0,1,,
RH.exe,T17_medium,medium,instance_20_4_3_10_7_Mthr_4.txt,20,4,3,0,1,268,266,2,2,1,1,,
RH.exe,T17_medium,medium,instance_20_4_3_10_7_Mthr_5.txt,20,4,3,"0,0009764",1,442,439,3,3,2,1,,
RH.exe,T17_medium,medium,instance_20_4_3_10_7_Mthr_6.txt,20,4,3,0,1,273,273,0,0,2,1,,
RH.exe,T17_medium,medium,instance_20_4_3_10_7_Mthr_7.txt,20,4,3,0,1,328,326,2,2,2,1,,
RH.exe,T17_medium,medium,instance_20_4_3_10_7_Mthr_8.txt,20,4,3,0,1,394,391,3,3,0,1,,
RH.exe,T17_medium,medium,instance_20_4_3_10_7_Mthr_9.txt,20,4,3,"0,0010056",1,430,427,3,3,1,1,,
RH.exe,T17_small,small,instance_20_4_3_10_7_Sthr_0.txt,20,4,3,0,1,255,250,5,5,2,1,,
RH.exe,T17_small,small,instance_20_4_3_10_7_Sthr_1.txt,20,4,3,0,1,403,399,4,4,1,1,,
RH.exe,T17_small,small,instance_20_4_3_10_7_Sthr_2.txt,20,4,3,0,1,255,250,5,5,2,1,,
RH.exe,T17_small,small,instance_20_4_3_10_7_Sthr_3.txt,20,4,3,"0,0010208",1,686,680,6,6,0,1,,
RH.exe,T17_small,small,instance_20_4_3_10_7_Sthr_4.txt,20,4,3,0,1,179,179,0,0,1,1,,
RH.exe,T17_small,small,instance_20_4_3_10_7_Sthr_5.txt,20,4,3,0,1,406,400,6,6,2,1,,
RH.exe,T17_small,small,instance_20_4_3_10_7_Sthr_6.txt,20,4,3,0,1,454,451,3,3,2,1,,
RH.exe,T17_small,small,instance_20_4_3_10_7_Sthr_7.txt,20,4,3,0,1,289,285,4,4,2,1,,
RH.exe,T17_small,small,instance_20_4_3_10_7_Sthr_8.txt,20,4,3,"0,0010009",1,461,456,5,5,0,1,,
RH.exe,T17_small,small,instance_20_4_3_10_7_Sthr_9.txt,20,4,3,0,1,412,410,2,2,3,1,,
RH.exe,T18_big,big,instance_20_4_4_10_11_Bthr_0.txt,20,4,4,"0,0010024",1,286,286,0,0,3,1,,
RH.exe,T18_big,big,instance_20_4_4_10_11_Bthr_1.txt,20,4,4,0,1,546,544,2,2,3,1,,
RH.exe,T18_big,big,instance_20_4_4_10_11_Bthr_2.txt,20,4,4,0,1,329,329,0,0,6,1,,
RH.exe,T18_big,big,instance_20_4_4_10_11_Bthr_3.txt,20,4,4,0,1,507,506,1,1,3,1,,
RH.exe,T18_big,big,instance_20_4_4_10_11_Bthr_4.txt,20,4,4,0,1,187,187,0,0,5,1,,
RH.exe,T18_big,big,instance_20_4_4_10_11_Bthr_5.txt,20,4,4,"0,0100528",1,440,430,10,10,2,1,,
RH.exe,T18_big,big,instance_20_4_4_10_11_Bthr_6.txt,20,4,4,0,1,405,400,5,5,3,1,,
RH.exe,T18_big,big,instance_20_4_4_10_11_Bthr_7.txt,20,4,4,0,1,333,333,0,0,4,1,,
RH.exe,T18_big,big,instance_20_4_4_10_11_Bthr_8.txt,20,4,4,0,1,171,171,0,0,6,1,,
RH.exe,T18_big,big,instance_20_4_4_10_11_Bthr_9.txt,20,4,4,0,1,307,307,0,0,3,1,,
RH.exe,T18_medium,medium,instance_20_4_4_10_11_Mthr_0.txt,20,4,4,0,1,242,242,0,0,6,1,,
RH.exe,T18_medium,medium,instance_20_4_4_10_11_Mthr_1.txt,20,4,4,"0,0010082",1,280,274,6,6,4,1,,
RH.exe,T18_medium,medium,instance_20_4_4_10_11_Mthr_2.txt,20,4,4,0,1,273,272,1,1,4,1,,
RH.exe,T18_medium,medium,instance_20_4_4_10_11_Mthr_3.txt,20,4,4,0,1,245,244,1,1,6,1,,
RH.exe,T18_medium,medium,instance_20_4_4_10_11_Mthr_4.txt,20,4,4,"0,0089952",1,430,422,8,8,2,1,,
RH.exe,T18_medium,medium,instance_20_4_4_10_11_Mthr_5.txt,20,4,4,"0,0009769",1,446,439,7,7,3,1,,
RH.exe,T18_medium,medium,instance_20_4_4_10_11_Mthr_6.txt,20,4,4,0,1,240,237,3,3,3,1,,
RH.exe,T18_medium,medium,instance_20_4_4_10_11_Mthr_7.txt,20,4,4,0,1,475,472,3,3,5,1,,
RH.exe,T18_medium,medium,instance_20_4_4_10_11_Mthr_8.txt,20,4,4,0,1,275,273,2,2,5,1,,
RH.exe,T18_medium,medium,instance_20_4_4_10_11_Mthr_9.txt,20,4,4,0,1,176,176,0,0,6,1,,
RH.exe,T18_small,small,instance_20_4_4_10_11_Sthr_0.txt,20,4,4,"0,0040107",1,361,354,7,7,2,1,,
RH.exe,T18_small,small,instance_20_4_4_10_11_Sthr_1.txt,20,4,4,"0,003008",1,379,372,7,7,2,1,,
RH.exe,T18_small,small,instance_20_4_4_10_11_Sthr_2.txt,20,4,4,"0,0010024",1,408,400,8,8,2,1,,
RH.exe,T18_small,small,instance_20_4_4_10_11_Sthr_3.txt,20,4,4,"0,0020328",1,251,244,7,7,5,1,,
RH.exe,T18_small,small,instance_20_4_4_10_11_Sthr_4.txt,20,4,4,"0,0080208",1,461,454,7,7,2,1,,
RH.exe,T18_small,small,instance_20_4_4_10_11_Sthr_5.txt,20,4,4,0,1,237,233,4,4,5,1,,
RH.exe,T18_small,small,instance_20_4_4_10_11_Sthr_6.txt,20,4,4,0,1,335,330,5,5,5,1,,
RH.exe,T18_small,small,instance_20_4_4_10_11_Sthr_7.txt,20,4,4,"0,0010029",1,465,460,5,5,6,1,,
RH.exe,T18_small,small,instance_20_4_4_10_11_Sthr_8.txt,20,4,4,"0,0010027",1,337,330,7,7,4,1,,
RH.exe,T18_small,small,instance_20_4_4_10_11_Sthr_9.txt,20,4,4,"0,008036",1,186,179,7,7,3,1,,
RH.exe,T19_big,big,instance_20_4_5_10_13_Bthr_0.txt,20,4,5,0,1,217,217,0,0,7,1,,
RH.exe,T19_big,big,instance_20_4_5_10_13_Bthr_1.txt,20,4,5,0,1,268,268,0,0,6,1,,
RH.exe,T19_big,big,instance_20_4_5_10_13_Bthr_2.txt,20,4,5,0,1,259,259,0,0,6,1,,
RH.exe,T19_big,big,instance_20_4_5_10_13_Bthr_3.txt,20,4,5,0,1,138,138,0,0,5,1,,
RH.exe,T19_big,big,instance_20_4_5_10_13_Bthr_4.txt,20,4,5,0,1,312,312,0,0,7,1,,
RH.exe,T19_big,big,instance_20_4_5_10_13_Bthr_5.txt,20,4,5,"0,0010012",1,516,512,4,4,5,1,,
RH.exe,T19_big,big,instance_20_4_5_10_13_Bthr_6.txt,20,4,5,0,1,200,200,0,0,8,1,,
RH.exe,T19_big,big,instance_20_4_5_10_13_Bthr_7.txt,20,4,5,"0,0431146",1,462,451,11,11,2,1,,
RH.exe,T19_big,big,instance_20_4_5_10_13_Bthr_8.txt,20,4,5,0,1,127,127,0,0,6,1,,
RH.exe,T19_big,big,instance_20_4_5_10_13_Bthr_9.txt,20,4,5,0,1,155,155,0,0,7,1,,
RH.exe,T19_medium,medium,instance_20_4_5_10_13_Mthr_0.txt,20,4,5,"0,0009989",1,295,287,8,8,6,1,,
RH.exe,T19_medium,medium,instance_20_4_5_10_13_Mthr_1.txt,20,4,5,0,1,183,183,0,0,4,1,,
RH.exe,T19_medium,medium,instance_20_4_5_10_13_Mthr_2.txt,20,4,5,"0,0381011",1,249,240,9,9,3,1,,
RH.exe,T19_medium,medium,instance_20_4_5_10_13_Mthr_3.txt,20,4,5,0,1,233,228,5,5,5,1,,
RH.exe,T19_medium,medium,instance_20_4_5_10_13_Mthr_4.txt,20,4,5,"0,0040379",1,231,231,0,0,4,1,,
RH.exe,T19_medium,medium,instance_20_4_5_10_13_Mthr_5.txt,20,4,5,"0,0040411",1,418,410,8,8,5,1,,
RH.exe,T19_medium,medium,instance_20_4_5_10_13_Mthr_6.txt,20,4,5,0,1,297,297,0,0,4,1,,
RH.exe,T19_medium,medium,instance_20_4_5_10_13_Mthr_7.txt,20,4,5,"0,0010027",1,327,322,5,5,6,1,,
RH.exe,T19_medium,medium,instance_20_4_5_10_13_Mthr_8.txt,20,4,5,"0,020077",1,372,363,9,9,1,1,,
RH.exe,T19_medium,medium,instance_20_4_5_10_13_Mthr_9.txt,20,4,5,"0,0040119",1,238,233,5,5,3,1,,
RH.exe,T19_small,small,instance_20_4_5_10_13_Sthr_0.txt,20,4,5,"0,0090235",1,362,354,8,8,2,1,,
RH.exe,T19_small,small,instance_20_4_5_10_13_Sthr_1.txt,20,4,5,"0,0090235",1,290,280,10,10,4,1,,
RH.exe,T19_small,small,instance_20_4_5_10_13_Sthr_2.txt,20,4,5,"0,0010033",1,251,245,6,6,6,1,,
RH.exe,T19_small,small,instance_20_4_5_10_13_Sthr_3.txt,20,4,5,"0,0040368",1,264,256,8,8,3,1,,
RH.exe,T19_small,small,instance_20_4_5_10_13_Sthr_4.txt,20,4,5,"0,0020062",1,234,226,8,8,5,1,,
RH.exe,T19_small,small,instance_20_4_5_10_13_Sthr_5.txt,20,4,5,"0,0050131",1,390,382,8,8,2,1,,
RH.exe,T19_small,small,instance_20_4_5_10_13_Sthr_6.txt,20,4,5,"0,0040107",1,317,309,8,8,3,1,,
RH.exe,T19_small,small,instance_20_4_5_10_13_Sthr_7.txt,20,4,5,"0,0340914",1,450,442,8,8,4,1,,
RH.exe,T19_small,small,instance_20_4_5_10_13_Sthr_8.txt,20,4,5,"0,0351244",1,393,383,10,10,2,1,,
RH.exe,T19_small,small,instance_20_4_5_10_13_Sthr_9.txt,20,4,5,0,1,146,146,0,0,7,1,,
RH.exe,T20_big,big,instance_30_3_2_10_4_Bthr_0.txt,30,3,2,0,1,1195,1193,2,2,1,1,,
RH.exe,T20_big,big,instance_30_3_2_10_4_Bthr_1.txt,30,3,2,"0,0010053",1,816,813,3,3,0,1,,
RH.exe,T20_big,big,instance_30_3_2_10_4_Bthr_2.txt,30,3,2,0,1,699,698,1,1,0,1,,
RH.exe,T20_big,big,instance_30_3_2_10_4_Bthr_3.txt,30,3,2,0,1,932,930,2,2,0,1,,
RH.exe,T20_big,big,instance_30_3_2_10_4_Bthr_4.txt,30,3,2,0,1,683,681,2,2,0,1,,
RH.exe,T20_big,big,instance_30_3_2_10_4_Bthr_5.txt,30,3,2,"0,0010026",1,1242,1239,3,3,0,1,,
RH.exe,T20_big,big,instance_30_3_2_10_4_Bthr_6.txt,30,3,2,0,1,491,488,3,3,0,1,,
RH.exe,T20_big,big,instance_30_3_2_10_4_Bthr_7.txt,30,3,2,0,1,1323,1320,3,3,0,1,,
RH.exe,T20_big,big,instance_30_3_2_10_4_Bthr_8.txt,30,3,2,0,1,1323,1320,3,3,0,1,,
RH.exe,T20_big,big,instance_30_3_2_10_4_Bthr_9.txt,30,3,2,0,1,588,587,1,1,0,1,,
RH.exe,T20_medium,medium,instance_30_3_2_10_4_Mthr_0.txt,30,3,2,0,1,601,600,1,1,0,1,,
RH.exe,T20_medium,medium,instance_30_3_2_10_4_Mthr_1.txt,30,3,2,0,1,1253,1252,1,1,1,1,,
RH.exe,T20_medium,medium,instance_30_3_2_10_4_Mthr_2.txt,30,3,2,0,1,726,723,3,3,1,1,,
RH.exe,T20_medium,medium,instance_30_3_2_10_4_Mthr_3.txt,30,3,2,0,1,634,632,2,2,0,1,,
RH.exe,T20_medium,medium,instance_30_3_2_10_4_Mthr_4.txt,30,3,2,0,1,794,794,0,0,2,1,,
RH.exe,T20_medium,medium,instance_30_3_2_10_4_Mthr_5.txt,30,3,2,0,1,1182,1182,0,0,2,1,,
RH.exe,T20_medium,medium,instance_30_3_2_10_4_Mthr_6.txt,30,3,2,0,1,395,393,2,2,0,1,,
RH.exe,T20_medium,medium,instance_30_3_2_10_4_Mthr_7.txt,30,3,2,0,1,1323,1320,3,3,0,1,,
RH.exe,T20_medium,medium,instance_30_3_2_10_4_Mthr_8.txt,30,3,2,0,1,1278,1278,0,0,3,1,,
RH.exe,T20_medium,medium,instance_30_3_2_10_4_Mthr_9.txt,30,3,2,"0,0010027",1,798,796,2,2,0,1,,
RH.exe,T20_small,small,instance_30_3_2_10_4_Sthr_0.txt,30,3,2,0,1,1046,1044,2,2,3,1,,
RH.exe,T20_small,small,instance_30_3_2_10_4_Sthr_1.txt,30,3,2,0,1,1587,1584,3,3,0,1,,
RH.exe,T20_small,small,instance_30_3_2_10_4_Sthr_2.txt,30,3,2,0,1,1294,1293,1,1,2,1,,
RH.exe,T20_small,small,instance_30_3_2_10_4_Sthr_3.txt,30,3,2,"0,0010026",1,1720,1717,3,3,0,1,,
RH.exe,T20_small,small,instance_30_3_2_10_4_Sthr_4.txt,30,3,2,0,1,900,898,2,2,0,1,,
RH.exe,T20_small,small,instance_30_3_2_10_4_Sthr_5.txt,30,3,2,"0,0010296",1,498,496,2,2,0,1,,
RH.exe,T20_small,small,instance_30_3_2_10_4_Sthr_6.txt,30,3,2,"0,0010027",1,449,447,2,2,0,1,,
RH.exe,T20_small,small,instance_30_3_2_10_4_Sthr_7.txt,30,3,2,0,1,539,537,2,2,0,1,,
RH.exe,T20_small,small,instance_30_3_2_10_4_Sthr_8.txt,30,3,2,"0,0010033",1,513,510,3,3,0,1,,
RH.exe,T20_small,small,instance_30_3_2_10_4_Sthr_9.txt,30,3,2,"0,0010027",1,610,607,3,3,0,1,,
RH.exe,T21_big,big,instance_30_3_3_10_7_Bthr_0.txt,30,3,3,"0,0010027",1,1500,1494,6,6,0,1,,
RH.exe,T21_big,big,instance_30_3_3_10_7_Bthr_1.txt,30,3,3,0,0, , , , , , ,,
RH.exe,T21_big,big,instance_30_3_3_10_7_Bthr_2.txt,30,3,3,"0,0010027",1,861,855,6,6,2,1,,
RH.exe,T21_big,big,instance_30_3_3_10_7_Bthr_3.txt,30,3,3,0,1,1175,1172,3,3,3,1,,
RH.exe,T21_big,big,instance_30_3_3_10_7_Bthr_4.txt,30,3,3,0,1,991,987,4,4,3,1,,
RH.exe,T21_big,big,instance_30_3_3_10_7_Bthr_5.txt,30,3,3,0,1,1115,1112,3,3,4,1,,
RH.exe,T21_big,big,instance_30_3_3_10_7_Bthr_6.txt,30,3,3,"0,001003",1,543,538,5,5,2,1,,
RH.exe,T21_big,big,instance_30_3_3_10_7_Bthr_7.txt,30,3,3,0,1,851,845,6,6,2,1,,
RH.exe,T21_big,big,instance_30_3_3_10_7_Bthr_8.txt,30,3,3,"0,0010027",1,861,858,3,3,4,1,,
RH.exe,T21_big,big,instance_30_3_3_10_7_Bthr_9.txt,30,3,3,0,1,964,962,2,2,3,1,,
RH.exe,T21_medium,medium,instance_30_3_3_10_7_Mthr_0.txt,30,3,3,"0,0010026",1,872,869,3,3,4,1,,
RH.exe,T21_medium,medium,instance_30_3_3_10_7_Mthr_1.txt,30,3,3,0,1,533,529,4,4,4,1,,
RH.exe,T21_medium,medium,instance_30_3_3_10_7_Mthr_2.txt,30,3,3,0,1,884,880,4,4,2,1,,
RH.exe,T21_medium,medium,instance_30_3_3_10_7_Mthr_3.txt,30,3,3,"0,0010313",1,1196,1192,4,4,2,1,,
RH.exe,T21_medium,medium,instance_30_3_3_10_7_Mthr_4.txt,30,3,3,0,1,905,901,4,4,3,1,,
RH.exe,T21_medium,medium,instance_30_3_3_10_7_Mthr_5.txt,30,3,3,"0,0010023",1,648,644,4,4,2,1,,
RH.exe,T21_medium,medium,instance_30_3_3_10_7_Mthr_6.txt,30,3,3,0,1,976,972,4,4,3,1,,
RH.exe,T21_medium,medium,instance_30_3_3_10_7_Mthr_7.txt,30,3,3,0,1,1249,1244,5,5,2,1,,
RH.exe,T21_medium,medium,instance_30_3_3_10_7_Mthr_8.txt,30,3,3,0,1,1268,1263,5,5,2,1,,
RH.exe,T21_medium,medium,instance_30_3_3_10_7_Mthr_9.txt,30,3,3,"0,0010237",1,1520,1514,6,6,2,1,,
RH.exe,T21_small,small,instance_30_3_3_10_7_Sthr_0.txt,30,3,3,0,1,1133,1131,2,2,7,1,,
RH.exe,T21_small,small,instance_30_3_3_10_7_Sthr_1.txt,30,3,3,"0,0009886",1,629,625,4,4,1,1,,
RH.exe,T21_small,small,instance_30_3_3_10_7_Sthr_2.txt,30,3,3,"0,0010018",1,1519,1514,5,5,2,1,,
RH.exe,T21_small,small,instance_30_3_3_10_7_Sthr_3.txt,30,3,3,0,1,724,721,3,3,6,1,,
RH.exe,T21_small,small,instance_30_3_3_10_7_Sthr_4.txt,30,3,3,0,1,462,460,2,2,5,1,,
RH.exe,T21_small,small,instance_30_3_3_10_7_Sthr_5.txt,30,3,3,"0,0010024",1,639,636,3,3,4,1,,
RH.exe,T21_small,small,instance_30_3_3_10_7_Sthr_6.txt,30,3,3,0,0, , , , , , ,,
RH.exe,T21_small,small,instance_30_3_3_10_7_Sthr_7.txt,30,3,3,0,1,1225,1220,5,5,6,1,,
RH.exe,T21_small,small,instance_30_3_3_10_7_Sthr_8.txt,30,3,3,0,0, , , , , , ,,
RH.exe,T21_small,small,instance_30_3_3_10_7_Sthr_9.txt,30,3,3,"0,0010071",1,942,938,4,4,1,1,,
RH.exe,T22_big,big,instance_30_3_4_10_8_Bthr_0.txt,30,3,4,0,1,826,822,4,4,3,1,,
RH.exe,T22_big,big,instance_30_3_4_10_8_Bthr_1.txt,30,3,4,0,1,306,304,2,2,3,1,,
RH.exe,T22_big,big,instance_30_3_4_10_8_Bthr_2.txt,30,3,4,0,1,565,563,2,2,5,1,,
RH.exe,T22_big,big,instance_30_3_4_10_8_Bthr_3.txt,30,3,4,"0,001003",1,748,744,4,4,4,1,,
RH.exe,T22_big,big,instance_30_3_4_10_8_Bthr_4.txt,30,3,4,0,1,862,857,5,5,3,1,,
RH.exe,T22_big,big,instance_30_3_4_10_8_Bthr_5.txt,30,3,4,"0,0010027",1,1077,1072,5,5,2,1,,
RH.exe,T22_big,big,instance_30_3_4_10_8_Bthr_6.txt,30,3,4,"0,001003",1,877,872,5,5,2,1,,
RH.exe,T22_big,big,instance_30_3_4_10_8_Bthr_7.txt,30,3,4,"0,0020038",1,886,880,6,6,1,1,,
RH.exe,T22_big,big,instance_30_3_4_10_8_Bthr_8.txt,30,3,4,0,1,1098,1094,4,4,2,1,,
RH.exe,T22_big,big,instance_30_3_4_10_8_Bthr_9.txt,30,3,4,"0,0010059",1,627,622,5,5,1,1,,
RH.exe,T22_medium,medium,instance_30_3_4_10_8_Mthr_0.txt,30,3,4,0,1,492,487,5,5,3,1,,
RH.exe,T22_medium,medium,instance_30_3_4_10_8_Mthr_1.txt,30,3,4,"0,0010333",1,1418,1412,6,6,1,1,,
RH.exe,T22_medium,medium,instance_30_3_4_10_8_Mthr_2.txt,30,3,4,"0,0010027",1,475,469,6,6,2,1,,
RH.exe,T22_medium,medium,instance_30_3_4_10_8_Mthr_3.txt,30,3,4,0,1,976,969,7,7,3,1,,
RH.exe,T22_medium,medium,instance_30_3_4_10_8_Mthr_4.txt,30,3,4,0,1,934,930,4,4,6,1,,
RH.exe,T22_medium,medium,instance_30_3_4_10_8_Mthr_5.txt,30,3,4,0,0, , , , , , ,,
RH.exe,T22_medium,medium,instance_30_3_4_10_8_Mthr_6.txt,30,3,4,"0,0010032",1,755,750,5,5,3,1,,
RH.exe,T22_medium,medium,instance_30_3_4_10_8_Mthr_7.txt,30,3,4,"0,0010021",1,594,588,6,6,4,1,,
RH.exe,T22_medium,medium,instance_30_3_4_10_8_Mthr_8.txt,30,3,4,0,1,812,806,6,6,3,1,,
RH.exe,T22_medium,medium,instance_30_3_4_10_8_Mthr_9.txt,30,3,4,"0,0010027",1,762,756,6,6,3,1,,
RH.exe,T22_small,small,instance_30_3_4_10_8_Sthr_0.txt,30,3,4,0,0, , , , , , ,,
RH.exe,T22_small,small,instance_30_3_4_10_8_Sthr_1.txt,30,3,4,0,0, , , , , , ,,
RH.exe,T22_small,small,instance_30_3_4_10_8_Sthr_2.txt,30,3,4,"0,0010027",1,885,881,4,4,5,1,,
RH.exe,T22_small,small,instance_30_3_4_10_8_Sthr_3.txt,30,3,4,0,0, , , , , , ,,
RH.exe,T22_small,small,instance_30_3_4_10_8_Sthr_4.txt,30,3,4,0,0, , , , , , ,,
RH.exe,T22_small,small,instance_30_3_4_10_8_Sthr_5.txt,30,3,4,0,1,471,465,6,6,2,1,,
RH.exe,T22_small,small,instance_30_3_4_10_8_Sthr_6.txt,30,3,4,0,0, , , , , , ,,
RH.exe,T22_small,small,instance_30_3_4_10_8_Sthr_7.txt,30,3,4,0,0, , , , , , ,,
RH.exe,T22_small,small,instance_30_3_4_10_8_Sthr_8.txt,30,3,4,"0,0010029",1,669,664,5,5,5,1,,
RH.exe,T22_small,small,instance_30_3_4_10_8_Sthr_9.txt,30,3,4,0,0, , , , , , ,,
RH.exe,T23_big,big,instance_30_3_5_10_13_Bthr_0.txt,30,3,5,"0,0020063",1,761,756,5,5,6,1,,
RH.exe,T23_big,big,instance_30_3_5_10_13_Bthr_1.txt,30,3,5,0,1,464,463,1,1,8,1,,
RH.exe,T23_big,big,instance_30_3_5_10_13_Bthr_2.txt,30,3,5,"0,0050134",1,993,985,8,8,3,1,,
RH.exe,T23_big,big,instance_30_3_5_10_13_Bthr_3.txt,30,3,5,"0,0009795",1,766,760,6,6,7,1,,
RH.exe,T23_big,big,instance_30_3_5_10_13_Bthr_4.txt,30,3,5,"0,006016",1,630,622,8,8,5,1,,
RH.exe,T23_big,big,instance_30_3_5_10_13_Bthr_5.txt,30,3,5,"0,020053",1,674,664,10,10,5,1,,
RH.exe,T23_big,big,instance_30_3_5_10_13_Bthr_6.txt,30,3,5,0,1,564,559,5,5,7,1,,
RH.exe,T23_big,big,instance_30_3_5_10_13_Bthr_7.txt,30,3,5,0,1,803,799,4,4,12,1,,
RH.exe,T23_big,big,instance_30_3_5_10_13_Bthr_8.txt,30,3,5,0,1,753,748,5,5,7,1,,
RH.exe,T23_big,big,instance_30_3_5_10_13_Bthr_9.txt,30,3,5,"0,0050134",1,379,372,7,7,5,1,,
RH.exe,T23_medium,medium,instance_30_3_5_10_13_Mthr_0.txt,30,3,5,"0,0100531",1,754,747,7,7,7,1,,
RH.exe,T23_medium,medium,instance_30_3_5_10_13_Mthr_1.txt,30,3,5,"0,0100256",1,399,389,10,10,4,1,,
RH.exe,T23_medium,medium,instance_30_3_5_10_13_Mthr_2.txt,30,3,5,"0,0030072",1,917,910,7,7,6,1,,
RH.exe,T23_medium,medium,instance_30_3_5_10_13_Mthr_3.txt,30,3,5,"0,0020047",1,666,658,8,8,6,1,,
RH.exe,T23_medium,medium,instance_30_3_5_10_13_Mthr_4.txt,30,3,5,"0,0050397",1,1068,1058,10,10,6,1,,
RH.exe,T23_medium,medium,instance_30_3_5_10_13_Mthr_5.txt,30,3,5,"0,0060412",1,537,530,7,7,5,1,,
RH.exe,T23_medium,medium,instance_30_3_5_10_13_Mthr_6.txt,30,3,5,"0,0060152",1,927,917,10,10,4,1,,
RH.exe,T23_medium,medium,instance_30_3_5_10_13_Mthr_7.txt,30,3,5,"0,0060427",1,1399,1391,8,8,6,1,,
RH.exe,T23_medium,medium,instance_30_3_5_10_13_Mthr_8.txt,30,3,5,"0,0030089",1,1102,1093,9,9,6,1,,
RH.exe,T23_medium,medium,instance_30_3_5_10_13_Mthr_9.txt,30,3,5,"0,0020188",1,703,695,8,8,6,1,,
RH.exe,T23_small,small,instance_30_3_5_10_13_Sthr_0.txt,30,3,5,"0,0010027",0, , , , , , ,,
RH.exe,T23_small,small,instance_30_3_5_10_13_Sthr_1.txt,30,3,5,0,0, , , , , , ,,
RH.exe,T23_small,small,instance_30_3_5_10_13_Sthr_2.txt,30,3,5,0,0, , , , , , ,,
RH.exe,T23_small,small,instance_30_3_5_10_13_Sthr_3.txt,30,3,5,"0,0391302",1,926,916,10,10,5,1,,
RH.exe,T23_small,small,instance_30_3_5_10_13_Sthr_4.txt,30,3,5,"0,0421387",1,614,603,11,11,3,1,,
RH.exe,T23_small,small,instance_30_3_5_10_13_Sthr_5.txt,30,3,5,"0,023066",1,694,684,10,10,6,1,,
RH.exe,T23_small,small,instance_30_3_5_10_13_Sthr_6.txt,30,3,5,0,0, , , , , , ,,
RH.exe,T23_small,small,instance_30_3_5_10_13_Sthr_7.txt,30,3,5,"0,0421355",1,525,514,11,11,2,1,,
RH.exe,T23_small,small,instance_30_3_5_10_13_Sthr_8.txt,30,3,5,"0,0050125",1,543,533,10,10,4,1,,
RH.exe,T23_small,small,instance_30_3_5_10_13_Sthr_9.txt,30,3,5,"0,0220572",1,304,294,10,10,5,1,,
RH.exe,T24_big,big,instance_30_4_4_10_10_Bthr_0.txt,30,4,4,0,1,270,270,0,0,2,1,,
RH.exe,T24_big,big,instance_30_4_4_10_10_Bthr_1.txt,30,4,4,"0,0060166",1,522,516,6,6,1,1,,
RH.exe,T24_big,big,instance_30_4_4_10_10_Bthr_2.txt,30,4,4,"0,001002",1,629,624,5,5,1,1,,
RH.exe,T24_big,big,instance_30_4_4_10_10_Bthr_3.txt,30,4,4,"0,0050131",1,332,332,0,0,2,1,,
RH.exe,T24_big,big,instance_30_4_4_10_10_Bthr_4.txt,30,4,4,"0,0009884",1,489,483,6,6,2,1,,
RH.exe,T24_big,big,instance_30_4_4_10_10_Bthr_5.txt,30,4,4,"0,001003",1,708,704,4,4,4,1,,
RH.exe,T24_big,big,instance_30_4_4_10_10_Bthr_6.txt,30,4,4,0,1,729,727,2,2,4,1,,
RH.exe,T24_big,big,instance_30_4_4_10_10_Bthr_7.txt,30,4,4,0,1,815,811,4,4,3,1,,
RH.exe,T24_big,big,instance_30_4_4_10_10_Bthr_8.txt,30,4,4,0,1,710,707,3,3,3,1,,
RH.exe,T24_big,big,instance_30_4_4_10_10_Bthr_9.txt,30,4,4,"0,0020054",1,869,862,7,7,3,1,,
RH.exe,T24_medium,medium,instance_30_4_4_10_10_Mthr_0.txt,30,4,4,0,1,647,644,3,3,5,1,,
RH.exe,T24_medium,medium,instance_30_4_4_10_10_Mthr_1.txt,30,4,4,"0,0020325",1,886,881,5,5,1,1,,
RH.exe,T24_medium,medium,instance_30_4_4_10_10_Mthr_2.txt,30,4,4,"0,0020051",1,505,499,6,6,4,1,,
RH.exe,T24_medium,medium,instance_30_4_4_10_10_Mthr_3.txt,30,4,4,"0,0050397",1,1113,1107,6,6,1,1,,
RH.exe,T24_medium,medium,instance_30_4_4_10_10_Mthr_4.txt,30,4,4,0,1,575,569,6,6,1,1,,
RH.exe,T24_medium,medium,instance_30_4_4_10_10_Mthr_5.txt,30,4,4,"0,0010036",1,429,424,5,5,5,1,,
RH.exe,T24_medium,medium,instance_30_4_4_10_10_Mthr_6.txt,30,4,4,0,1,666,660,6,6,4,1,,
RH.exe,T24_medium,medium,instance_30_4_4_10_10_Mthr_7.txt,30,4,4,"0,0010252",1,753,746,7,7,2,1,,
RH.exe,T24_medium,medium,instance_30_4_4_10_10_Mthr_8.txt,30,4,4,0,0, , , , , , ,,
RH.exe,T24_medium,medium,instance_30_4_4_10_10_Mthr_9.txt,30,4,4,"0,0010027",1,398,392,6,6,3,1,,
RH.exe,T24_small,small,instance_30_4_4_10_10_Sthr_0.txt,30,4,4,"0,0020051",1,653,647,6,6,3,1,,
RH.exe,T24_small,small,instance_30_4_4_10_10_Sthr_1.txt,30,4,4,"0,0030332",1,780,774,6,6,3,1,,
RH.exe,T24_small,small,instance_30_4_4_10_10_Sthr_2.txt,30,4,4,"0,0030078",1,501,495,6,6,4,1,,
RH.exe,T24_small,small,instance_30_4_4_10_10_Sthr_3.txt,30,4,4,"0,0060427",1,619,610,9,9,0,1,,
RH.exe,T24_small,small,instance_30_4_4_10_10_Sthr_4.txt,30,4,4,"0,0049728",1,467,459,8,8,2,1,,
RH.exe,T24_small,small,instance_30_4_4_10_10_Sthr_5.txt,30,4,4,"0,0020372",1,407,400,7,7,1,1,,
RH.exe,T24_small,small,instance_30_4_4_10_10_Sthr_6.txt,30,4,4,0,0, , , , , , ,,
RH.exe,T24_small,small,instance_30_4_4_10_10_Sthr_7.txt,30,4,4,"0,0050134",1,490,484,6,6,4,1,,
RH.exe,T24_small,small,instance_30_4_4_10_10_Sthr_8.txt,30,4,4,0,0, , , , , , ,,
RH.exe,T24_small,small,instance_30_4_4_10_10_Sthr_9.txt,30,4,4,0,1,731,726,5,5,5,1,,
RH.exe,T25_big,big,instance_30_5_5_10_14_Bthr_0.txt,30,5,5,0,1,405,405,0,0,6,1,,
RH.exe,T25_big,big,instance_30_5_5_10_14_Bthr_1.txt,30,5,5,"0,0020279",1,407,404,3,3,3,1,,
RH.exe,T25_big,big,instance_30_5_5_10_14_Bthr_2.txt,30,5,5,"0,0060091",1,770,763,7,7,2,1,,
RH.exe,T25_big,big,instance_30_5_5_10_14_Bthr_3.txt,30,5,5,"0,0010062",1,505,500,5,5,4,1,,
RH.exe,T25_big,big,instance_30_5_5_10_14_Bthr_4.txt,30,5,5,0,1,674,674,0,0,4,1,,
RH.exe,T25_big,big,instance_30_5_5_10_14_Bthr_5.txt,30,5,5,"0,127339",1,919,906,13,13,1,1,,
RH.exe,T25_big,big,instance_30_5_5_10_14_Bthr_6.txt,30,5,5,"0,001003",1,352,351,1,1,4,1,,
RH.exe,T25_big,big,instance_30_5_5_10_14_Bthr_7.txt,30,5,5,0,1,590,584,6,6,4,1,,
RH.exe,T25_big,big,instance_30_5_5_10_14_Bthr_8.txt,30,5,5,0,1,512,511,1,1,7,1,,
RH.exe,T25_big,big,instance_30_5_5_10_14_Bthr_9.txt,30,5,5,"0,0020053",1,619,611,8,8,4,1,,
RH.exe,T25_medium,medium,instance_30_5_5_10_14_Mthr_0.txt,30,5,5,"0,0050374",1,464,457,7,7,6,1,,
RH.exe,T25_medium,medium,instance_30_5_5_10_14_Mthr_1.txt,30,5,5,"0,106283",1,712,700,12,12,4,1,,
RH.exe,T25_medium,medium,instance_30_5_5_10_14_Mthr_2.txt,30,5,5,"0,0923042",1,377,366,11,11,5,1,,
RH.exe,T25_medium,medium,instance_30_5_5_10_14_Mthr_3.txt,30,5,5,"0,024064",1,555,548,7,7,2,1,,
RH.exe,T25_medium,medium,instance_30_5_5_10_14_Mthr_4.txt,30,5,5,"0,102258",1,738,728,10,10,2,1,,
RH.exe,T25_medium,medium,instance_30_5_5_10_14_Mthr_5.txt,30,5,5,"0,0110321",1,504,496,8,8,4,1,,
RH.exe,T25_medium,medium,instance_30_5_5_10_14_Mthr_6.txt,30,5,5,"0,0230624",1,540,531,9,9,3,1,,
RH.exe,T25_medium,medium,instance_30_5_5_10_14_Mthr_7.txt,30,5,5,"0,0451185",1,587,579,8,8,5,1,,
RH.exe,T25_medium,medium,instance_30_5_5_10_14_Mthr_8.txt,30,5,5,"0,0010027",1,393,389,4,4,4,1,,
RH.exe,T25_medium,medium,instance_30_5_5_10_14_Mthr_9.txt,30,5,5,"0,0060105",1,653,645,8,8,4,1,,
RH.exe,T25_small,small,instance_30_5_5_10_14_Sthr_0.txt,30,5,5,"0,0110593",1,483,473,10,10,6,1,,
RH.exe,T25_small,small,instance_30_5_5_10_14_Sthr_1.txt,30,5,5,"0,0240631",1,507,499,8,8,4,1,,
RH.exe,T25_small,small,instance_30_5_5_10_14_Sthr_2.txt,30,5,5,"0,0130357",1,413,404,9,9,3,1,,
RH.exe,T25_small,small,instance_30_5_5_10_14_Sthr_3.txt,30,5,5,"0,0962576",1,584,575,9,9,3,1,,
RH.exe,T25_small,small,instance_30_5_5_10_14_Sthr_4.txt,30,5,5,0,0, , , , , , ,,
RH.exe,T25_small,small,instance_30_5_5_10_14_Sthr_5.txt,30,5,5,"0,115334",1,672,660,12,12,1,1,,
RH.exe,T25_small,small,instance_30_5_5_10_14_Sthr_6.txt,30,5,5,"0,012991",1,402,393,9,9,2,1,,
RH.exe,T25_small,small,instance_30_5_5_10_14_Sthr_7.txt,30,5,5,"0,0030399",1,698,688,10,10,6,1,,
RH.exe,T25_small,small,instance_30_5_5_10_14_Sthr_8.txt,30,5,5,"0,0049988",1,549,540,9,9,7,1,,
RH.exe,T25_small,small,instance_30_5_5_10_14_Sthr_9.txt,30,5,5,"0,0912431",1,505,492,13,13,5,1,,
RH.exe,T27_big,big,instance_40_3_3_10_5_Bthr_0.txt,40,3,3,0,1,1621,1618,3,3,2,1,,
RH.exe,T27_big,big,instance_40_3_3_10_5_Bthr_1.txt,40,3,3,"0,0010023",1,1075,1071,4,4,2,1,,
RH.exe,T27_big,big,instance_40_3_3_10_5_Bthr_2.txt,40,3,3,0,1,2407,2405,2,2,2,1,,
RH.exe,T27_big,big,instance_40_3_3_10_5_Bthr_3.txt,40,3,3,0,0, , , , , , ,,
RH.exe,T27_big,big,instance_40_3_3_10_5_Bthr_4.txt,40,3,3,0,1,1202,1200,2,2,2,1,,
RH.exe,T27_big,big,instance_40_3_3_10_5_Bthr_5.txt,40,3,3,"0,0010033",1,1401,1398,3,3,2,1,,
RH.exe,T27_big,big,instance_40_3_3_10_5_Bthr_6.txt,40,3,3,"0,0010027",1,781,777,4,4,2,1,,
RH.exe,T27_big,big,instance_40_3_3_10_5_Bthr_7.txt,40,3,3,0,1,894,892,2,2,2,1,,
RH.exe,T27_big,big,instance_40_3_3_10_5_Bthr_8.txt,40,3,3,0,1,1229,1226,3,3,2,1,,
RH.exe,T27_big,big,instance_40_3_3_10_5_Bthr_9.txt,40,3,3,0,1,1299,1295,4,4,0,1,,
RH.exe,T27_medium,medium,instance_40_3_3_10_5_Mthr_0.txt,40,3,3,0,1,859,855,4,4,0,1,,
RH.exe,T27_medium,medium,instance_40_3_3_10_5_Mthr_1.txt,40,3,3,0,1,1975,1971,4,4,2,1,,
RH.exe,T27_medium,medium,instance_40_3_3_10_5_Mthr_2.txt,40,3,3,0,0, , , , , , ,,
RH.exe,T27_medium,medium,instance_40_3_3_10_5_Mthr_3.txt,40,3,3,0,0, , , , , , ,,
RH.exe,T27_medium,medium,instance_40_3_3_10_5_Mthr_4.txt,40,3,3,0,1,1336,1332,4,4,0,1,,
RH.exe,T27_medium,medium,instance_40_3_3_10_5_Mthr_5.txt,40,3,3,0,1,2327,2324,3,3,1,1,,
RH.exe,T27_medium,medium,instance_40_3_3_10_5_Mthr_6.txt,40,3,3,0,1,1619,1617,2,2,2,1,,
RH.exe,T27_medium,medium,instance_40_3_3_10_5_Mthr_7.txt,40,3,3,"0,0010252",1,618,614,4,4,3,1,,
RH.exe,T27_medium,medium,instance_40_3_3_10_5_Mthr_8.txt,40,3,3,"0,0010027",1,860,856,4,4,0,1,,
RH.exe,T27_medium,medium,instance_40_3_3_10_5_Mthr_9.txt,40,3,3,0,0, , , , , , ,,
RH.exe,T27_small,small,instance_40_3_3_10_5_Sthr_0.txt,40,3,3,0,0, , , , , , ,,
RH.exe,T27_small,small,instance_40_3_3_10_5_Sthr_1.txt,40,3,3,"0,0009714",1,1664,1660,4,4,0,1,,
RH.exe,T27_small,small,instance_40_3_3_10_5_Sthr_2.txt,40,3,3,0,1,1540,1536,4,4,2,1,,
RH.exe,T27_small,small,instance_40_3_3_10_5_Sthr_3.txt,40,3,3,0,1,2459,2455,4,4,3,1,,
RH.exe,T27_small,small,instance_40_3_3_10_5_Sthr_4.txt,40,3,3,0,0, , , , , , ,,
RH.exe,T27_small,small,instance_40_3_3_10_5_Sthr_5.txt,40,3,3,"0,0010027",1,1345,1341,4,4,0,1,,
RH.exe,T27_small,small,instance_40_3_3_10_5_Sthr_6.txt,40,3,3,0,0, , , , , , ,,
RH.exe,T27_small,small,instance_40_3_3_10_5_Sthr_7.txt,40,3,3,0,0, , , , , , ,,
RH.exe,T27_small,small,instance_40_3_3_10_5_Sthr_8.txt,40,3,3,0,1,1633,1629,4,4,1,1,,
RH.exe,T27_small,small,instance_40_3_3_10_5_Sthr_9.txt,40,3,3,0,0, , , , , , ,,
RH.exe,T34_big,big,instance_50_3_3_10_6_Bthr_0.txt,50,3,3,"0,001003",1,2004,2000,4,4,2,1,,
RH.exe,T34_big,big,instance_50_3_3_10_6_Bthr_1.txt,50,3,3,"0,0009887",1,3023,3019,4,4,0,1,,
RH.exe,T34_big,big,instance_50_3_3_10_6_Bthr_2.txt,50,3,3,"0,0010027",1,2402,2399,3,3,2,1,,
RH.exe,T34_big,big,instance_50_3_3_10_6_Bthr_3.txt,50,3,3,0,1,2045,2040,5,5,0,1,,
RH.exe,T34_big,big,instance_50_3_3_10_6_Bthr_4.txt,50,3,3,0,1,1658,1655,3,3,2,1,,
RH.exe,T34_big,big,instance_50_3_3_10_6_Bthr_5.txt,50,3,3,0,1,2895,2892,3,3,2,1,,
RH.exe,T34_big,big,instance_50_3_3_10_6_Bthr_6.txt,50,3,3,"0,0010023",1,1586,1581,5,5,0,1,,
RH.exe,T34_big,big,instance_50_3_3_10_6_Bthr_7.txt,50,3,3,"0,0010027",1,1749,1745,4,4,2,1,,
RH.exe,T34_big,big,instance_50_3_3_10_6_Bthr_8.txt,50,3,3,"0,000986",1,1326,1323,3,3,1,1,,
RH.exe,T34_big,big,instance_50_3_3_10_6_Bthr_9.txt,50,3,3,0,0, , , , , , ,,
RH.exe,T34_medium,medium,instance_50_3_3_10_6_Mthr_0.txt,50,3,3,"0,0010015",1,3121,3118,3,3,2,1,,
RH.exe,T34_medium,medium,instance_50_3_3_10_6_Mthr_1.txt,50,3,3,0,1,2556,2552,4,4,0,1,,
RH.exe,T34_medium,medium,instance_50_3_3_10_6_Mthr_2.txt,50,3,3,"0,0010027",1,1907,1902,5,5,2,1,,
RH.exe,T34_medium,medium,instance_50_3_3_10_6_Mthr_3.txt,50,3,3,0,1,1336,1332,4,4,6,1,,
RH.exe,T34_medium,medium,instance_50_3_3_10_6_Mthr_4.txt,50,3,3,0,0, , , , , , ,,
RH.exe,T34_medium,medium,instance_50_3_3_10_6_Mthr_5.txt,50,3,3,"0,0010027",1,2001,1998,3,3,6,1,,
RH.exe,T34_medium,medium,instance_50_3_3_10_6_Mthr_6.txt,50,3,3,0,0, , , , , , ,,
RH.exe,T34_medium,medium,instance_50_3_3_10_6_Mthr_7.txt,50,3,3,"0,0010027",1,1723,1718,5,5,2,1,,
RH.exe,T34_medium,medium,instance_50_3_3_10_6_Mthr_8.txt,50,3,3,0,1,2519,2514,5,5,4,1,,
RH.exe,T34_medium,medium,instance_50_3_3_10_6_Mthr_9.txt,50,3,3,"0,0010021",1,1861,1858,3,3,2,1,,
RH.exe,T34_small,small,instance_50_3_3_10_6_Sthr_0.txt,50,3,3,0,0, , , , , , ,,
RH.exe,T34_small,small,instance_50_3_3_10_6_Sthr_1.txt,50,3,3,0,1,2959,2956,3,3,4,1,,
RH.exe,T34_small,small,instance_50_3_3_10_6_Sthr_2.txt,50,3,3,0,0, , , , , , ,,
RH.exe,T34_small,small,instance_50_3_3_10_6_Sthr_3.txt,50,3,3,0,0, , , , , , ,,
RH.exe,T34_small,small,instance_50_3_3_10_6_Sthr_4.txt,50,3,3,0,1,1041,1036,5,5,2,1,,
RH.exe,T34_small,small,instance_50_3_3_10_6_Sthr_5.txt,50,3,3,0,1,2195,2190,5,5,2,1,,
RH.exe,T34_small,small,instance_50_3_3_10_6_Sthr_6.txt,50,3,3,"0,0010027",0, , , , , , ,,
RH.exe,T34_small,small,instance_50_3_3_10_6_Sthr_7.txt,50,3,3,0,0, , , , , , ,,
RH.exe,T34_small,small,instance_50_3_3_10_6_Sthr_8.txt,50,3,3,"0,0010032",1,1217,1212,5,5,2,1,,
RH.exe,T34_small,small,instance_50_3_3_10_6_Sthr_9.txt,50,3,3,0,1,1988,1985,3,3,0,1,,
RH.exe,T39_big,big,instance_60_3_4_10_9_Bthr_0.txt,60,3,4,0,1,1729,1726,3,3,12,1,,
RH.exe,T39_big,big,instance_60_3_4_10_9_Bthr_1.txt,60,3,4,"0,0040107",1,5115,5108,7,7,7,1,,
RH.exe,T39_big,big,instance_60_3_4_10_9_Bthr_2.txt,60,3,4,"0,0009699",1,4088,4082,6,6,10,1,,
RH.exe,T39_big,big,instance_60_3_4_10_9_Bthr_3.txt,60,3,4,"0,0030077",1,4189,4182,7,7,2,1,,
RH.exe,T39_big,big,instance_60_3_4_10_9_Bthr_4.txt,60,3,4,"0,0010337",1,3317,3311,6,6,8,1,,
RH.exe,T39_big,big,instance_60_3_4_10_9_Bthr_5.txt,60,3,4,0,1,1726,1721,5,5,6,1,,
RH.exe,T39_big,big,instance_60_3_4_10_9_Bthr_6.txt,60,3,4,"0,0030074",1,4305,4297,8,8,2,1,,
RH.exe,T39_big,big,instance_60_3_4_10_9_Bthr_7.txt,60,3,4,"0,0010016",1,2593,2586,7,7,3,1,,
RH.exe,T39_big,big,instance_60_3_4_10_9_Bthr_8.txt,60,3,4,0,1,2877,2874,3,3,9,1,,
RH.exe,T39_big,big,instance_60_3_4_10_9_Bthr_9.txt,60,3,4,"0,0010053",1,3888,3883,5,5,5,1,,
RH.exe,T39_medium,medium,instance_60_3_4_10_9_Mthr_0.txt,60,3,4,0,0, , , , , , ,,
RH.exe,T39_medium,medium,instance_60_3_4_10_9_Mthr_1.txt,60,3,4,"0,0020048",1,2960,2953,7,7,5,1,,
RH.exe,T39_medium,medium,instance_60_3_4_10_9_Mthr_2.txt,60,3,4,0,0, , , , , , ,,
RH.exe,T39_medium,medium,instance_60_3_4_10_9_Mthr_3.txt,60,3,4,0,0, , , , , , ,,
RH.exe,T39_medium,medium,instance_60_3_4_10_9_Mthr_4.txt,60,3,4,"0,0030071",1,2095,2089,6,6,3,1,,
RH.exe,T39_medium,medium,instance_60_3_4_10_9_Mthr_5.txt,60,3,4,"0,002005",1,2546,2539,7,7,10,1,,
RH.exe,T39_medium,medium,instance_60_3_4_10_9_Mthr_6.txt,60,3,4,"0,0030072",1,1088,1082,6,6,3,1,,
RH.exe,T39_medium,medium,instance_60_3_4_10_9_Mthr_7.txt,60,3,4,"0,0040098",1,1879,1872,7,7,2,1,,
RH.exe,T39_medium,medium,instance_60_3_4_10_9_Mthr_8.txt,60,3,4,"0,0030071",1,3665,3657,8,8,2,1,,
RH.exe,T39_medium,medium,instance_60_3_4_10_9_Mthr_9.txt,60,3,4,"0,0020045",1,1800,1793,7,7,3,1,,
RH.exe,T39_small,small,instance_60_3_4_10_9_Sthr_0.txt,60,3,4,0,0, , , , , , ,,
RH.exe,T39_small,small,instance_60_3_4_10_9_Sthr_1.txt,60,3,4,0,0, , , , , , ,,
RH.exe,T39_small,small,instance_60_3_4_10_9_Sthr_2.txt,60,3,4,"0,003008",1,1885,1877,8,8,5,1,,
RH.exe,T39_small,small,instance_60_3_4_10_9_Sthr_3.txt,60,3,4,0,0, , , , , , ,,
RH.exe,T39_small,small,instance_60_3_4_10_9_Sthr_4.txt,60,3,4,0,0, , , , , , ,,
RH.exe,T39_small,small,instance_60_3_4_10_9_Sthr_5.txt,60,3,4,0,0, , , , , , ,,
RH.exe,T39_small,small,instance_60_3_4_10_9_Sthr_6.txt,60,3,4,"0,0010027",1,2187,2180,7,7,2,1,,
RH.exe,T39_small,small,instance_60_3_4_10_9_Sthr_7.txt,60,3,4,0,0, , , , , , ,,
RH.exe,T39_small,small,instance_60_3_4_10_9_Sthr_8.txt,60,3,4,"0,0020051",1,1068,1061,7,7,6,1,,
RH.exe,T39_small,small,instance_60_3_4_10_9_Sthr_9.txt,60,3,4,"0,0040008",1,1450,1444,6,6,2,1,,
RH.exe,T40_big,big,instance_60_3_5_10_11_Bthr_0.txt,60,3,5,0,0, , , , , , ,,
RH.exe,T40_big,big,instance_60_3_5_10_11_Bthr_1.txt,60,3,5,"0,0080211",1,2728,2722,6,6,8,1,,
RH.exe,T40_big,big,instance_60_3_5_10_11_Bthr_2.txt,60,3,5,"0,0020051",1,2308,2301,7,7,7,1,,
RH.exe,T40_big,big,instance_60_3_5_10_11_Bthr_3.txt,60,3,5,0,1,1857,1852,5,5,10,1,,
RH.exe,T40_big,big,instance_60_3_5_10_11_Bthr_4.txt,60,3,5,"0,0080377",1,1216,1208,8,8,4,1,,
RH.exe,T40_big,big,instance_60_3_5_10_11_Bthr_5.txt,60,3,5,0,0, , , , , , ,,
RH.exe,T40_big,big,instance_60_3_5_10_11_Bthr_6.txt,60,3,5,"0,0160428",1,2614,2606,8,8,2,1,,
RH.exe,T40_big,big,instance_60_3_5_10_11_Bthr_7.txt,60,3,5,"0,0080556",1,3487,3479,8,8,4,1,,
RH.exe,T40_big,big,instance_60_3_5_10_11_Bthr_8.txt,60,3,5,"0,0190365",1,1891,1881,10,10,5,1,,
RH.exe,T40_big,big,instance_60_3_5_10_11_Bthr_9.txt,60,3,5,"0,0170792",1,2459,2450,9,9,4,1,,
RH.exe,T40_medium,medium,instance_60_3_5_10_11_Mthr_0.txt,60,3,5,"0,0080212",1,1725,1716,9,9,4,1,,
RH.exe,T40_medium,medium,instance_60_3_5_10_11_Mthr_1.txt,60,3,5,"0,009056",1,2067,2059,8,8,5,1,,
RH.exe,T40_medium,medium,instance_60_3_5_10_11_Mthr_2.txt,60,3,5,0,0, , , , , , ,,
RH.exe,T40_medium,medium,instance_60_3_5_10_11_Mthr_3.txt,60,3,5,"0,0160419",1,1772,1763,9,9,6,1,,
RH.exe,T40_medium,medium,instance_60_3_5_10_11_Mthr_4.txt,60,3,5,"0,0170444",1,1403,1395,8,8,8,1,,
RH.exe,T40_medium,medium,instance_60_3_5_10_11_Mthr_5.txt,60,3,5,0,0, , , , , , ,,
RH.exe,T40_medium,medium,instance_60_3_5_10_11_Mthr_6.txt,60,3,5,0,0, , , , , , ,,
RH.exe,T40_medium,medium,instance_60_3_5_10_11_Mthr_7.txt,60,3,5,0,0, , , , , , ,,
RH.exe,T40_medium,medium,instance_60_3_5_10_11_Mthr_8.txt,60,3,5,"0,0170447",1,2441,2432,9,9,4,1,,
RH.exe,T40_medium,medium,instance_60_3_5_10_11_Mthr_9.txt,60,3,5,0,0, , , , , , ,,
RH.exe,T40_small,small,instance_60_3_5_10_11_Sthr_0.txt,60,3,5,0,0, , , , , , ,,
RH.exe,T40_small,small,instance_60_3_5_10_11_Sthr_1.txt,60,3,5,0,0, , , , , , ,,
RH.exe,T40_small,small,instance_60_3_5_10_11_Sthr_2.txt,60,3,5,0,0, , , , , , ,,
RH.exe,T40_small,small,instance_60_3_5_10_11_Sthr_3.txt,60,3,5,0,0, , , , , , ,,
RH.exe,T40_small,small,instance_60_3_5_10_11_Sthr_4.txt,60,3,5,0,0, , , , , , ,,
RH.exe,T40_small,small,instance_60_3_5_10_11_Sthr_5.txt,60,3,5,0,0, , , , , , ,,
RH.exe,T40_small,small,instance_60_3_5_10_11_Sthr_6.txt,60,3,5,0,0, , , , , , ,,
RH.exe,T40_small,small,instance_60_3_5_10_11_Sthr_7.txt,60,3,5,"0,0010027",0, , , , , , ,,
RH.exe,T40_small,small,instance_60_3_5_10_11_Sthr_8.txt,60,3,5,0,0, , , , , , ,,
RH.exe,T40_small,small,instance_60_3_5_10_11_Sthr_9.txt,60,3,5,0,0, , , , , , ,,
RH.exe,T44_big,big,instance_70_3_5_10_12_Bthr_0.txt,70,3,5,"0,0100572",1,1904,1896,8,8,6,1,,
RH.exe,T44_big,big,instance_70_3_5_10_12_Bthr_1.txt,70,3,5,"0,0090232",1,4001,3992,9,9,3,1,,
RH.exe,T44_big,big,instance_70_3_5_10_12_Bthr_2.txt,70,3,5,0,0, , , , , , ,,
RH.exe,T44_big,big,instance_70_3_5_10_12_Bthr_3.txt,70,3,5,"0,0391056",1,3319,3310,9,9,4,1,,
RH.exe,T44_big,big,instance_70_3_5_10_12_Bthr_4.txt,70,3,5,"0,0190505",1,1796,1787,9,9,5,1,,
RH.exe,T44_big,big,instance_70_3_5_10_12_Bthr_5.txt,70,3,5,"0,0381334",1,3618,3609,9,9,4,1,,
RH.exe,T44_big,big,instance_70_3_5_10_12_Bthr_6.txt,70,3,5,0,0, , , , , , ,,
RH.exe,T44_big,big,instance_70_3_5_10_12_Bthr_7.txt,70,3,5,"0,0331193",1,6468,6459,9,9,4,1,,
RH.exe,T44_big,big,instance_70_3_5_10_12_Bthr_8.txt,70,3,5,0,0, , , , , , ,,
RH.exe,T44_big,big,instance_70_3_5_10_12_Bthr_9.txt,70,3,5,"0,0050414",1,2463,2456,7,7,9,1,,
RH.exe,T44_medium,medium,instance_70_3_5_10_12_Mthr_0.txt,70,3,5,"0,039105",1,2423,2414,9,9,10,1,,
RH.exe,T44_medium,medium,instance_70_3_5_10_12_Mthr_1.txt,70,3,5,0,0, , , , , , ,,
RH.exe,T44_medium,medium,instance_70_3_5_10_12_Mthr_2.txt,70,3,5,0,0, , , , , , ,,
RH.exe,T44_medium,medium,instance_70_3_5_10_12_Mthr_3.txt,70,3,5,0,0, , , , , , ,,
RH.exe,T44_medium,medium,instance_70_3_5_10_12_Mthr_4.txt,70,3,5,0,0, , , , , , ,,
RH.exe,T44_medium,medium,instance_70_3_5_10_12_Mthr_5.txt,70,3,5,"0,0110292",1,2819,2811,8,8,5,1,,
RH.exe,T44_medium,medium,instance_70_3_5_10_12_Mthr_6.txt,70,3,5,0,0, , , , , , ,,
RH.exe,T44_medium,medium,instance_70_3_5_10_12_Mthr_7.txt,70,3,5,0,0, , , , , , ,,
RH.exe,T44_medium,medium,instance_70_3_5_10_12_Mthr_8.txt,70,3,5,0,0, , , , , , ,,
RH.exe,T44_medium,medium,instance_70_3_5_10_12_Mthr_9.txt,70,3,5,0,0, , , , , , ,,
RH.exe,T44_small,small,instance_70_3_5_10_12_Sthr_0.txt,70,3,5,0,0, , , , , , ,,
RH.exe,T44_small,small,instance_70_3_5_10_12_Sthr_1.txt,70,3,5,0,0, , , , , , ,,
RH.exe,T44_small,small,instance_70_3_5_10_12_Sthr_2.txt,70,3,5,0,0, , , , , , ,,
RH.exe,T44_small,small,instance_70_3_5_10_12_Sthr_3.txt,70,3,5,0,0, , , , , , ,,
RH.exe,T44_small,small,instance_70_3_5_10_12_Sthr_4.txt,70,3,5,0,0, , , , , , ,,
RH.exe,T44_small,small,instance_70_3_5_10_12_Sthr_5.txt,70,3,5,0,0, , , , , , ,,
RH.exe,T44_small,small,instance_70_3_5_10_12_Sthr_6.txt,70,3,5,0,0, , , , , , ,,
RH.exe,T44_small,small,instance_70_3_5_10_12_Sthr_7.txt,70,3,5,0,0, , , , , , ,,
RH.exe,T44_small,small,instance_70_3_5_10_12_Sthr_8.txt,70,3,5,0,0, , , , , , ,,
RH.exe,T44_small,small,instance_70_3_5_10_12_Sthr_9.txt,70,3,5,0,0, , , , , , ,,
RH.exe,T45_big,big,instance_70_4_4_10_9_Bthr_0.txt,70,4,4,"0,0040087",1,2398,2393,5,5,2,1,,
RH.exe,T45_big,big,instance_70_4_4_10_9_Bthr_1.txt,70,4,4,"0,0010029",1,4103,4097,6,6,5,1,,
RH.exe,T45_big,big,instance_70_4_4_10_9_Bthr_2.txt,70,4,4,"0,005042",1,6104,6099,5,5,3,1,,
RH.exe,T45_big,big,instance_70_4_4_10_9_Bthr_3.txt,70,4,4,"0,002005",1,3570,3564,6,6,5,1,,
RH.exe,T45_big,big,instance_70_4_4_10_9_Bthr_4.txt,70,4,4,0,0, , , , , , ,,
RH.exe,T45_big,big,instance_70_4_4_10_9_Bthr_5.txt,70,4,4,"0,0050353",1,2530,2524,6,6,3,1,,
RH.exe,T45_big,big,instance_70_4_4_10_9_Bthr_6.txt,70,4,4,"0,0050134",1,4293,4288,5,5,2,1,,
RH.exe,T45_big,big,instance_70_4_4_10_9_Bthr_7.txt,70,4,4,0,0, , , , , , ,,
RH.exe,T45_big,big,instance_70_4_4_10_9_Bthr_8.txt,70,4,4,"0,0050131",1,3985,3980,5,5,7,1,,
RH.exe,T45_big,big,instance_70_4_4_10_9_Bthr_9.txt,70,4,4,"0,0010027",1,1895,1890,5,5,5,1,,
RH.exe,T45_medium,medium,instance_70_4_4_10_9_Mthr_0.txt,70,4,4,0,0, , , , , , ,,
RH.exe,T45_medium,medium,instance_70_4_4_10_9_Mthr_1.txt,70,4,4,"0,0030357",1,2631,2624,7,7,4,1,,
RH.exe,T45_medium,medium,instance_70_4_4_10_9_Mthr_2.txt,70,4,4,"0,0019998",1,2591,2584,7,7,4,1,,
RH.exe,T45_medium,medium,instance_70_4_4_10_9_Mthr_3.txt,70,4,4,0,0, , , , , , ,,
RH.exe,T45_medium,medium,instance_70_4_4_10_9_Mthr_4.txt,70,4,4,"0,003008",1,4139,4132,7,7,0,1,,
RH.exe,T45_medium,medium,instance_70_4_4_10_9_Mthr_5.txt,70,4,4,"0,0020048",1,2685,2677,8,8,4,1,,
RH.exe,T45_medium,medium,instance_70_4_4_10_9_Mthr_6.txt,70,4,4,"0,0020287",1,3641,3634,7,7,8,1,,
RH.exe,T45_medium,medium,instance_70_4_4_10_9_Mthr_7.txt,70,4,4,0,0, , , , , , ,,
RH.exe,T45_medium,medium,instance_70_4_4_10_9_Mthr_8.txt,70,4,4,"0,0040408",1,4009,4001,8,8,3,1,,
RH.exe,T45_medium,medium,instance_70_4_4_10_9_Mthr_9.txt,70,4,4,"0,0020051",1,2813,2806,7,7,4,1,,
RH.exe,T45_small,small,instance_70_4_4_10_9_Sthr_0.txt,70,4,4,0,0, , , , , , ,,
RH.exe,T45_small,small,instance_70_4_4_10_9_Sthr_1.txt,70,4,4,"0,004011",1,2497,2489,8,8,2,1,,
RH.exe,T45_small,small,instance_70_4_4_10_9_Sthr_2.txt,70,4,4,"0,0040438",1,2723,2715,8,8,0,1,,
RH.exe,T45_small,small,instance_70_4_4_10_9_Sthr_3.txt,70,4,4,0,0, , , , , , ,,
RH.exe,T45_small,small,instance_70_4_4_10_9_Sthr_4.txt,70,4,4,0,0, , , , , , ,,
RH.exe,T45_small,small,instance_70_4_4_10_9_Sthr_5.txt,70,4,4,0,0, , , , , , ,,
RH.exe,T45_small,small,instance_70_4_4_10_9_Sthr_6.txt,70,4,4,"0,0010023",1,1036,1029,7,7,2,1,,
RH.exe,T45_small,small,instance_70_4_4_10_9_Sthr_7.txt,70,4,4,0,0, , , , , , ,,
RH.exe,T45_small,small,instance_70_4_4_10_9_Sthr_8.txt,70,4,4,0,0, , , , , , ,,
RH.exe,T45_small,small,instance_70_4_4_10_9_Sthr_9.txt,70,4,4,"0,0040102",1,4382,4374,8,8,0,1,,
RH.exe,T46_big,big,instance_70_4_5_10_14_Bthr_0.txt,70,4,5,"0,168477",1,4158,4148,10,10,4,1,,
RH.exe,T46_big,big,instance_70_4_5_10_14_Bthr_1.txt,70,4,5,"0,167447",1,3006,2995,11,11,6,1,,
RH.exe,T46_big,big,instance_70_4_5_10_14_Bthr_2.txt,70,4,5,0,0, , , , , , ,,
RH.exe,T46_big,big,instance_70_4_5_10_14_Bthr_3.txt,70,4,5,"0,0120313",1,2673,2664,9,9,8,1,,
RH.exe,T46_big,big,instance_70_4_5_10_14_Bthr_4.txt,70,4,5,0,0, , , , , , ,,
RH.exe,T46_big,big,instance_70_4_5_10_14_Bthr_5.txt,70,4,5,"0,168448",1,2078,2065,13,13,6,1,,
RH.exe,T46_big,big,instance_70_4_5_10_14_Bthr_6.txt,70,4,5,"0,0421423",1,2995,2985,10,10,6,1,,
RH.exe,T46_big,big,instance_70_4_5_10_14_Bthr_7.txt,70,4,5,0,0, , , , , , ,,
RH.exe,T46_big,big,instance_70_4_5_10_14_Bthr_8.txt,70,4,5,"0,0401364",1,2323,2313,10,10,5,1,,
RH.exe,T46_big,big,instance_70_4_5_10_14_Bthr_9.txt,70,4,5,"0,0822488",1,2123,2113,10,10,6,1,,
RH.exe,T46_medium,medium,instance_70_4_5_10_14_Mthr_0.txt,70,4,5,"0,0782074",1,1627,1617,10,10,8,1,,
RH.exe,T46_medium,medium,instance_70_4_5_10_14_Mthr_1.txt,70,4,5,0,0, , , , , , ,,
RH.exe,T46_medium,medium,instance_70_4_5_10_14_Mthr_2.txt,70,4,5,"0,160455",1,3690,3677,13,13,4,1,,
RH.exe,T46_medium,medium,instance_70_4_5_10_14_Mthr_3.txt,70,4,5,"0,0772009",1,2291,2279,12,12,7,1,,
RH.exe,T46_medium,medium,instance_70_4_5_10_14_Mthr_4.txt,70,4,5,"0,169486",1,3421,3409,12,12,9,1,,
RH.exe,T46_medium,medium,instance_70_4_5_10_14_Mthr_5.txt,70,4,5,"0,0090349",1,1471,1460,11,11,6,1,,
RH.exe,T46_medium,medium,instance_70_4_5_10_14_Mthr_6.txt,70,4,5,"0,156449",1,1058,1046,12,12,4,1,,
RH.exe,T46_medium,medium,instance_70_4_5_10_14_Mthr_7.txt,70,4,5,"0,0741823",1,2513,2502,11,11,6,1,,
RH.exe,T46_medium,medium,instance_70_4_5_10_14_Mthr_8.txt,70,4,5,"0,164439",1,2688,2677,11,11,6,1,,
RH.exe,T46_medium,medium,instance_70_4_5_10_14_Mthr_9.txt,70,4,5,0,0, , , , , , ,,
RH.exe,T46_small,small,instance_70_4_5_10_14_Sthr_0.txt,70,4,5,0,0, , , , , , ,,
RH.exe,T46_small,small,instance_70_4_5_10_14_Sthr_1.txt,70,4,5,0,0, , , , , , ,,
RH.exe,T46_small,small,instance_70_4_5_10_14_Sthr_2.txt,70,4,5,0,0, , , , , , ,,
RH.exe,T46_small,small,instance_70_4_5_10_14_Sthr_3.txt,70,4,5,"0,159452",1,2240,2228,12,12,3,1,,
RH.exe,T46_small,small,instance_70_4_5_10_14_Sthr_4.txt,70,4,5,"0,157434",1,2657,2644,13,13,9,1,,
RH.exe,T46_small,small,instance_70_4_5_10_14_Sthr_5.txt,70,4,5,0,0, , , , , , ,,
RH.exe,T46_small,small,instance_70_4_5_10_14_Sthr_6.txt,70,4,5,"0,0010027",0, , , , , , ,,
RH.exe,T46_small,small,instance_70_4_5_10_14_Sthr_7.txt,70,4,5,0,0, , , , , , ,,
RH.exe,T46_small,small,instance_70_4_5_10_14_Sthr_8.txt,70,4,5,0,0, , , , , , ,,
RH.exe,T46_small,small,instance_70_4_5_10_14_Sthr_9.txt,70,4,5,"0,0200535",1,2327,2317,10,10,6,1,,
